DL_BDTG_B_1000_3_20_0.01_1_0.25,0.6307760940628552,0.6338065348633561
DL_BDTG_B_1000_3_20_0.01_1_0.5,0.627620878809647,0.6326868999711105
DL_BDTG_B_1000_3_20_0.01_1_1,0.6248054083253811,0.6296342161795916
DL_BDTG_B_1000_3_20_0.01_5_0.25,0.6220997612083776,0.6288691396457932
DL_BDTG_B_1000_3_20_0.01_5_0.5,0.6187134920124674,0.6267739425384018
DL_BDTG_B_1000_3_20_0.01_5_1,0.6168345934254832,0.6228236064486445
DL_BDTG_B_1000_3_20_0.01_10_0.25,0.6117202185200503,0.6219414022067128
DL_BDTG_B_1000_3_20_0.01_10_0.5,0.608511916325475,0.6195733661924562
DL_BDTG_B_1000_3_20_0.01_10_1,0.6063546491201031,0.6172197141424601
DL_BDTG_B_1000_3_20_0.05_1_0.25,0.6606193507848508,0.6488368934631479
DL_BDTG_B_1000_3_20_0.05_1_0.5,0.6602309531784781,0.651278360313873
DL_BDTG_B_1000_3_20_0.05_1_1,0.660851156155391,0.6509766480644257
DL_BDTG_B_1000_3_20_0.05_5_0.25,0.6498432591442243,0.6465956475922802
DL_BDTG_B_1000_3_20_0.05_5_0.5,0.6466911339736596,0.6458995516772017
DL_BDTG_B_1000_3_20_0.05_5_1,0.6487728284353484,0.6449539931149273
DL_BDTG_B_1000_3_20_0.05_10_0.25,0.6336278796421723,0.6362968023444515
DL_BDTG_B_1000_3_20_0.05_10_0.5,0.6335911784443541,0.6385576221916963
DL_BDTG_B_1000_3_20_0.05_10_1,0.6307136189240397,0.6346416181826905
DL_BDTG_B_1000_3_20_0.1_1_0.25,0.6775833555782805,0.6482544527593719
DL_BDTG_B_1000_3_20_0.1_1_0.5,0.6783766189962148,0.6521968686234657
DL_BDTG_B_1000_3_20_0.1_1_1,0.6779588411455337,0.6522271297905566
DL_BDTG_B_1000_3_20_0.1_5_0.25,0.6619957328795705,0.6472126376059649
DL_BDTG_B_1000_3_20_0.1_5_0.5,0.6607063992167512,0.6460935062733014
DL_BDTG_B_1000_3_20_0.1_5_1,0.6607790927488939,0.6482047830225088
DL_BDTG_B_1000_3_20_0.1_10_0.25,0.6451818014208293,0.6380415827721432
DL_BDTG_B_1000_3_20_0.1_10_0.5,0.6436790060403436,0.6407648984371511
DL_BDTG_B_1000_3_20_0.1_10_1,0.643825761896417,0.6385767112910219
DL_BDTG_B_1000_4_20_0.01_1_0.25,0.6440064385251396,0.6423371252213119
DL_BDTG_B_1000_4_20_0.01_1_0.5,0.6415507883225481,0.6412266555798323
DL_BDTG_B_1000_4_20_0.01_1_1,0.6384883800430822,0.6384019137860686
DL_BDTG_B_1000_4_20_0.01_5_0.25,0.6289678429764479,0.6345152806533497
DL_BDTG_B_1000_4_20_0.01_5_0.5,0.6257591391740711,0.6326009167445082
DL_BDTG_B_1000_4_20_0.01_5_1,0.6238258611824339,0.6301606120956454
DL_BDTG_B_1000_4_20_0.01_10_0.25,0.6131966277438847,0.6237112816441235
DL_BDTG_B_1000_4_20_0.01_10_0.5,0.61054389115249,0.6210551415174181
DL_BDTG_B_1000_4_20_0.01_10_1,0.6082581419395642,0.6193184189970844
DL_BDTG_B_1000_4_20_0.05_1_0.25,0.6825296698951315,0.6499538708407352
DL_BDTG_B_1000_4_20_0.05_1_0.5,0.6832598365268681,0.653848627947158
DL_BDTG_B_1000_4_20_0.05_1_1,0.6827097711611485,0.6525251611841747
DL_BDTG_B_1000_4_20_0.05_5_0.25,0.6603308301900288,0.6490082055381713
DL_BDTG_B_1000_4_20_0.05_5_0.5,0.6572422664842861,0.648104561123829
DL_BDTG_B_1000_4_20_0.05_5_1,0.6579503643415396,0.6484612846874974
DL_BDTG_B_1000_4_20_0.05_10_0.25,0.6370236136792019,0.638972391914449
DL_BDTG_B_1000_4_20_0.05_10_0.5,0.6366798096110031,0.6398231664538646
DL_BDTG_B_1000_4_20_0.05_10_1,0.6337712749095362,0.6356683593759241
DL_BDTG_B_1000_4_20_0.1_1_0.25,0.7046253508161473,0.6458607803554509
DL_BDTG_B_1000_4_20_0.1_1_0.5,0.7092380877816487,0.6513995669826871
DL_BDTG_B_1000_4_20_0.1_1_1,0.7088811213862718,0.6525144380037379
DL_BDTG_B_1000_4_20_0.1_5_0.25,0.6733016450066196,0.6468120744577466
DL_BDTG_B_1000_4_20_0.1_5_0.5,0.6750016210814282,0.6457634177991334
DL_BDTG_B_1000_4_20_0.1_5_1,0.673670290701011,0.6491705655716269
DL_BDTG_B_1000_4_20_0.1_10_0.25,0.6470159084445088,0.6384573007510944
DL_BDTG_B_1000_4_20_0.1_10_0.5,0.6474724505659567,0.6425733658776319
DL_BDTG_B_1000_4_20_0.1_10_1,0.6467185040756968,0.6396113988601838
DL_BDTG_B_1000_5_20_0.01_1_0.25,0.6550202210094797,0.6469516168050343
DL_BDTG_B_1000_5_20_0.01_1_0.5,0.6525919414306448,0.6459466628936302
DL_BDTG_B_1000_5_20_0.01_1_1,0.6503569167444648,0.644757242792076
DL_BDTG_B_1000_5_20_0.01_5_0.25,0.6320888419976674,0.637056553997746
DL_BDTG_B_1000_5_20_0.01_5_0.5,0.6299621331322381,0.6360738176801182
DL_BDTG_B_1000_5_20_0.01_5_1,0.6272331866287468,0.6330628273388117
DL_BDTG_B_1000_5_20_0.01_10_0.25,0.6135692770855845,0.6239706501343907
DL_BDTG_B_1000_5_20_0.01_10_0.5,0.6108186928933581,0.6213899389575153
DL_BDTG_B_1000_5_20_0.01_10_1,0.608684908080648,0.6196475889166588
DL_BDTG_B_1000_5_20_0.05_1_0.25,0.7056294600743499,0.6516712633395612
DL_BDTG_B_1000_5_20_0.05_1_0.5,0.7069762112000292,0.6508389211497811
DL_BDTG_B_1000_5_20_0.05_1_1,0.7043364266178471,0.6536833061380436
DL_BDTG_B_1000_5_20_0.05_5_0.25,0.6650567222930972,0.6491808846841309
DL_BDTG_B_1000_5_20_0.05_5_0.5,0.6644050861935755,0.6495032320267501
DL_BDTG_B_1000_5_20_0.05_5_1,0.6632208913282833,0.6486438333510697
DL_BDTG_B_1000_5_20_0.05_10_0.25,0.6366629610256336,0.6380660200205994
DL_BDTG_B_1000_5_20_0.05_10_0.5,0.6370228194303369,0.6398970894570027
DL_BDTG_B_1000_5_20_0.05_10_1,0.6336910279384241,0.6352898879908832
DL_BDTG_B_1000_5_20_0.1_1_0.25,0.7353660004910517,0.6379288475301031
DL_BDTG_B_1000_5_20_0.1_1_0.5,0.7409228985446391,0.6483963230789667
DL_BDTG_B_1000_5_20_0.1_1_1,0.7402980009755729,0.6530653317940602
DL_BDTG_B_1000_5_20_0.1_5_0.25,0.681834017875483,0.6463661976361215
DL_BDTG_B_1000_5_20_0.1_5_0.5,0.6831246694094663,0.6486520650429699
DL_BDTG_B_1000_5_20_0.1_5_1,0.6825150812891944,0.6513875238356768
DL_BDTG_B_1000_5_20_0.1_10_0.25,0.6478907187265028,0.6397195875742485
DL_BDTG_B_1000_5_20_0.1_10_0.5,0.6479630601023137,0.6419242010130813
DL_BDTG_B_1000_5_20_0.1_10_1,0.6481705797924265,0.6398266233193015
DL_BDTG_B_1000_6_20_0.01_1_0.25,0.6645970670552138,0.6508042730432733
DL_BDTG_B_1000_6_20_0.01_1_0.5,0.6626195032097674,0.6491229315650916
DL_BDTG_B_1000_6_20_0.01_1_1,0.6606113265592982,0.6477506406456449
DL_BDTG_B_1000_6_20_0.01_5_0.25,0.6338369603500283,0.6381085905364249
DL_BDTG_B_1000_6_20_0.01_5_0.5,0.6316427305640557,0.637143639944216
DL_BDTG_B_1000_6_20_0.01_5_1,0.629085692110417,0.6342120276546084
DL_BDTG_B_1000_6_20_0.01_10_0.25,0.6135692770855845,0.6239706501343907
DL_BDTG_B_1000_6_20_0.01_10_0.5,0.6108186928933581,0.6213899389575153
DL_BDTG_B_1000_6_20_0.01_10_1,0.6087099239071033,0.6196777718707202
DL_BDTG_B_1000_6_20_0.05_1_0.25,0.728336391392473,0.6477249714139913
DL_BDTG_B_1000_6_20_0.05_1_0.5,0.7280488873284539,0.6535117125213775
DL_BDTG_B_1000_6_20_0.05_1_1,0.7275169509867642,0.6541176687910607
DL_BDTG_B_1000_6_20_0.05_5_0.25,0.668417036858386,0.6513513502311488
DL_BDTG_B_1000_6_20_0.05_5_0.5,0.6674060417780392,0.6500204984381457
DL_BDTG_B_1000_6_20_0.05_5_1,0.6665840289577867,0.6492190514080461
DL_BDTG_B_1000_6_20_0.05_10_0.25,0.6366629610256336,0.6380660200205994
DL_BDTG_B_1000_6_20_0.05_10_0.5,0.6369122922754241,0.639838351947171
DL_BDTG_B_1000_6_20_0.05_10_1,0.6336910279384241,0.6352898879908832
DL_BDTG_B_1000_6_20_0.1_1_0.25,0.7676321079143432,0.6434848947622313
DL_BDTG_B_1000_6_20_0.1_1_0.5,0.7726386379134738,0.6505603097509038
DL_BDTG_B_1000_6_20_0.1_1_1,0.771992727190784,0.648915774372786
DL_BDTG_B_1000_6_20_0.1_5_0.25,0.6851714473452744,0.6468604574476716
DL_BDTG_B_1000_6_20_0.1_5_0.5,0.6869469211469005,0.6469996362245081
DL_BDTG_B_1000_6_20_0.1_5_1,0.6868566653322176,0.6487920221774874
DL_BDTG_B_1000_6_20_0.1_10_0.25,0.6478907187265028,0.6397195875742485
DL_BDTG_B_1000_6_20_0.1_10_0.5,0.6479630601023137,0.6419242010130813
DL_BDTG_B_1000_6_20_0.1_10_1,0.6481705797924265,0.6398266233193015
DL_BDTG_B_1500_3_20_0.01_1_0.25,0.639243188006192,0.6404547153380291
DL_BDTG_B_1500_3_20_0.01_1_0.5,0.6377039448359878,0.6402864394724079
DL_BDTG_B_1500_3_20_0.01_1_1,0.6356687346564772,0.6387980649774195
DL_BDTG_B_1500_3_20_0.01_5_0.25,0.6300172029181834,0.6355526364372707
DL_BDTG_B_1500_3_20_0.01_5_0.5,0.6276271155443555,0.6343296218987694
DL_BDTG_B_1500_3_20_0.01_5_1,0.6259845463850329,0.6314074935449856
DL_BDTG_B_1500_3_20_0.01_10_0.25,0.6190914317652016,0.6288419948302556
DL_BDTG_B_1500_3_20_0.01_10_0.5,0.6171225391027395,0.6278804217470633
DL_BDTG_B_1500_3_20_0.01_10_1,0.614785947684302,0.6257059425437476
DL_BDTG_B_1500_3_20_0.05_1_0.25,0.6705913274616682,0.6499987368731726
DL_BDTG_B_1500_3_20_0.05_1_0.5,0.6719788635072502,0.6531882743314565
DL_BDTG_B_1500_3_20_0.05_1_1,0.6715995193508765,0.6533644350498516
DL_BDTG_B_1500_3_20_0.05_5_0.25,0.6575703531188132,0.6483557180965732
DL_BDTG_B_1500_3_20_0.05_5_0.5,0.6549697246613836,0.6468935443548253
DL_BDTG_B_1500_3_20_0.05_5_1,0.6563658203620191,0.6459336326851278
DL_BDTG_B_1500_3_20_0.05_10_0.25,0.6410725346321101,0.6394297246930165
DL_BDTG_B_1500_3_20_0.05_10_0.5,0.6397305859602728,0.6395101114998574
DL_BDTG_B_1500_3_20_0.05_10_1,0.6378336107928537,0.6370667940162471
DL_BDTG_B_1500_3_20_0.1_1_0.25,0.6899190699656325,0.6499078731882542
DL_BDTG_B_1500_3_20_0.1_1_0.5,0.6920603400855749,0.6519940510918112
DL_BDTG_B_1500_3_20_0.1_1_1,0.6915297762868413,0.6517529149140194
DL_BDTG_B_1500_3_20_0.1_5_0.25,0.6706433824697073,0.6468455727820768
DL_BDTG_B_1500_3_20_0.1_5_0.5,0.6711542015545842,0.646849794536147
DL_BDTG_B_1500_3_20_0.1_5_1,0.6701508631782079,0.6481388428155166
DL_BDTG_B_1500_3_20_0.1_10_0.25,0.6530433185455057,0.6404686649334905
DL_BDTG_B_1500_3_20_0.1_10_0.5,0.6510844355782632,0.6413229609583132
DL_BDTG_B_1500_3_20_0.1_10_1,0.6506439283193717,0.6393022353122334
DL_BDTG_B_1500_4_20_0.01_1_0.25,0.6533531261308754,0.6473946673694655
DL_BDTG_B_1500_4_20_0.01_1_0.5,0.6517530289615764,0.6467062414018234
DL_BDTG_B_1500_4_20_0.01_1_1,0.6497623897401038,0.6460774977901699
DL_BDTG_B_1500_4_20_0.01_5_0.25,0.6364845131055266,0.6396925635022999
DL_BDTG_B_1500_4_20_0.01_5_0.5,0.6346997494793799,0.6391602814380616
DL_BDTG_B_1500_4_20_0.01_5_1,0.6329244338149232,0.6376240084581646
DL_BDTG_B_1500_4_20_0.01_10_0.25,0.62057531086554,0.6302058113150787
DL_BDTG_B_1500_4_20_0.01_10_0.5,0.6189912132379947,0.6290138241732013
DL_BDTG_B_1500_4_20_0.01_10_1,0.6169642603243314,0.6276447869359276
DL_BDTG_B_1500_4_20_0.05_1_0.25,0.6979568868303985,0.6526124020170206
DL_BDTG_B_1500_4_20_0.05_1_0.5,0.699455295920463,0.6541203051400428
DL_BDTG_B_1500_4_20_0.05_1_1,0.6981577198486886,0.6538132240722055
DL_BDTG_B_1500_4_20_0.05_5_0.25,0.6697622694689526,0.6487650683952885
DL_BDTG_B_1500_4_20_0.05_5_0.5,0.667366134736003,0.6480932953777077
DL_BDTG_B_1500_4_20_0.05_5_1,0.6679686146534296,0.649264146315656
DL_BDTG_B_1500_4_20_0.05_10_0.25,0.6443092455870693,0.6411565886956931
DL_BDTG_B_1500_4_20_0.05_10_0.5,0.643576864040995,0.6409622030410072
DL_BDTG_B_1500_4_20_0.05_10_1,0.641261353464689,0.6378573735878321
DL_BDTG_B_1500_4_20_0.1_1_0.25,0.7247115021264933,0.6472864425486781
DL_BDTG_B_1500_4_20_0.1_1_0.5,0.7299976168987047,0.6499298475667732
DL_BDTG_B_1500_4_20_0.1_1_1,0.7298100531332689,0.6508026739018345
DL_BDTG_B_1500_4_20_0.1_5_0.25,0.6856014564394912,0.6493645002329255
DL_BDTG_B_1500_4_20_0.1_5_0.5,0.6869257195092288,0.6443733960482769
DL_BDTG_B_1500_4_20_0.1_5_1,0.6859274534782752,0.64889023178795
DL_BDTG_B_1500_4_20_0.1_10_0.25,0.6559665290031133,0.6403750311064925
DL_BDTG_B_1500_4_20_0.1_10_0.5,0.655785860189417,0.642832961876656
DL_BDTG_B_1500_4_20_0.1_10_1,0.6542463981050134,0.6395712377540983
DL_BDTG_B_1500_5_20_0.01_1_0.25,0.6663323669380505,0.6515483919823568
DL_BDTG_B_1500_5_20_0.01_1_0.5,0.6640052701749073,0.6506126385580132
DL_BDTG_B_1500_5_20_0.01_1_1,0.662966852624174,0.6508348131200291
DL_BDTG_B_1500_5_20_0.01_5_0.25,0.6400554309277584,0.6424706841715396
DL_BDTG_B_1500_5_20_0.01_5_0.5,0.6390139554137165,0.641774586962228
DL_BDTG_B_1500_5_20_0.01_5_1,0.636975572380128,0.6401977582257495
DL_BDTG_B_1500_5_20_0.01_10_0.25,0.6210540761880985,0.6304437708625472
DL_BDTG_B_1500_5_20_0.01_10_0.5,0.6192495806433994,0.6293060200133758
DL_BDTG_B_1500_5_20_0.01_10_1,0.6172668391088105,0.6278931817647345
DL_BDTG_B_1500_5_20_0.05_1_0.25,0.727619918341614,0.6515687582806037
DL_BDTG_B_1500_5_20_0.05_1_0.5,0.7287598388028111,0.6493805364806342
DL_BDTG_B_1500_5_20_0.05_1_1,0.7259295153501415,0.6544365903374576
DL_BDTG_B_1500_5_20_0.05_5_0.25,0.6762535522384807,0.6484719198811769
DL_BDTG_B_1500_5_20_0.05_5_0.5,0.6754482161270656,0.6492134695443346
DL_BDTG_B_1500_5_20_0.05_5_1,0.6741101857983178,0.6495812718517074
DL_BDTG_B_1500_5_20_0.05_10_0.25,0.6445756045985853,0.6403693047370973
DL_BDTG_B_1500_5_20_0.05_10_0.5,0.6434736808150515,0.6408679249536001
DL_BDTG_B_1500_5_20_0.05_10_1,0.6411682030096182,0.637471446474961
DL_BDTG_B_1500_5_20_0.1_1_0.25,0.7629499274125362,0.6388212287828543
DL_BDTG_B_1500_5_20_0.1_1_0.5,0.7703898236040693,0.6451849017083237
DL_BDTG_B_1500_5_20_0.1_1_1,0.7695232930405326,0.6502314611076323
DL_BDTG_B_1500_5_20_0.1_5_0.25,0.6952512005035645,0.6471901128410135
DL_BDTG_B_1500_5_20_0.1_5_0.5,0.6970980312665614,0.6456185102832078
DL_BDTG_B_1500_5_20_0.1_5_1,0.6964934262651822,0.6509012171431099
DL_BDTG_B_1500_5_20_0.1_10_0.25,0.6568557105519972,0.6412062947831785
DL_BDTG_B_1500_5_20_0.1_10_0.5,0.6557908406464983,0.6419830137463772
DL_BDTG_B_1500_5_20_0.1_10_1,0.6553666072775853,0.6398685023934579
DL_BDTG_B_1500_6_20_0.01_1_0.25,0.67810741414585,0.6544585550687214
DL_BDTG_B_1500_6_20_0.01_1_0.5,0.6759570407220098,0.6531313103660872
DL_BDTG_B_1500_6_20_0.01_1_1,0.6746868659018754,0.6527504492793523
DL_BDTG_B_1500_6_20_0.01_5_0.25,0.6420400103626643,0.6432880476551386
DL_BDTG_B_1500_6_20_0.01_5_0.5,0.6407213144599163,0.6427776312765077
DL_BDTG_B_1500_6_20_0.01_5_1,0.6390844116445742,0.6408353596626425
DL_BDTG_B_1500_6_20_0.01_10_0.25,0.6210540761880985,0.6304437708625472
DL_BDTG_B_1500_6_20_0.01_10_0.5,0.6192495806433994,0.6293060200133758
DL_BDTG_B_1500_6_20_0.01_10_1,0.6172342514037656,0.627794557929329
DL_BDTG_B_1500_6_20_0.05_1_0.25,0.7552499035748056,0.6466502691896432
DL_BDTG_B_1500_6_20_0.05_1_0.5,0.7563225709261245,0.6521634997014266
DL_BDTG_B_1500_6_20_0.05_1_1,0.7547336706562727,0.6535994943719653
DL_BDTG_B_1500_6_20_0.05_5_0.25,0.6801693949124991,0.6513226616617783
DL_BDTG_B_1500_6_20_0.05_5_0.5,0.6795673174900467,0.649558311781032
DL_BDTG_B_1500_6_20_0.05_5_1,0.6783382833402175,0.649586673138163
DL_BDTG_B_1500_6_20_0.05_10_0.25,0.6445756045985853,0.6403693047370973
DL_BDTG_B_1500_6_20_0.05_10_0.5,0.6436437463459204,0.6407820937337284
DL_BDTG_B_1500_6_20_0.05_10_1,0.6411682030096182,0.637471446474961
DL_BDTG_B_1500_6_20_0.1_1_0.25,0.799524214896088,0.6407648620432553
DL_BDTG_B_1500_6_20_0.1_1_0.5,0.8075518831328948,0.6469739035104011
DL_BDTG_B_1500_6_20_0.1_1_1,0.80736094540577,0.6451845272755852
DL_BDTG_B_1500_6_20_0.1_5_0.25,0.7006339004277534,0.6476669390336759
DL_BDTG_B_1500_6_20_0.1_5_0.5,0.701993688945455,0.6449827588166406
DL_BDTG_B_1500_6_20_0.1_5_1,0.701727195356138,0.6482528342532814
DL_BDTG_B_1500_6_20_0.1_10_0.25,0.6568557105519972,0.6412062947831785
DL_BDTG_B_1500_6_20_0.1_10_0.5,0.6557908406464983,0.6419830137463772
DL_BDTG_B_1500_6_20_0.1_10_1,0.6553666072775853,0.6398685023934579
DL_BDTG_B_2000_3_20_0.01_1_0.25,0.6443894553752565,0.6435547738508236
DL_BDTG_B_2000_3_20_0.01_1_0.5,0.6439168728486785,0.6441759812383012
DL_BDTG_B_2000_3_20_0.01_1_1,0.64214378030033,0.6436094648973107
DL_BDTG_B_2000_3_20_0.01_5_0.25,0.634157736780034,0.6384292615823972
DL_BDTG_B_2000_3_20_0.01_5_0.5,0.6332175763139317,0.6387304952379045
DL_BDTG_B_2000_3_20_0.01_5_1,0.6315021910946248,0.6362724418795005
DL_BDTG_B_2000_3_20_0.01_10_0.25,0.6225847317544471,0.6317136436319793
DL_BDTG_B_2000_3_20_0.01_10_0.5,0.6219754098371616,0.6318592352876065
DL_BDTG_B_2000_3_20_0.01_10_1,0.6197568451093278,0.6299802966274438
DL_BDTG_B_2000_3_20_0.05_1_0.25,0.679663901125485,0.6502852750177139
DL_BDTG_B_2000_3_20_0.05_1_0.5,0.6802433681647464,0.6531286920028017
DL_BDTG_B_2000_3_20_0.05_1_1,0.6800179895744044,0.6537774075007796
DL_BDTG_B_2000_3_20_0.05_5_0.25,0.6633697936894548,0.6478870508245608
DL_BDTG_B_2000_3_20_0.05_5_0.5,0.6617119768055283,0.6493243306123717
DL_BDTG_B_2000_3_20_0.05_5_1,0.6624566448422872,0.6470146403147422
DL_BDTG_B_2000_3_20_0.05_10_0.25,0.6449897870353133,0.6399519785713197
DL_BDTG_B_2000_3_20_0.05_10_0.5,0.6456684654658853,0.641944434365174
DL_BDTG_B_2000_3_20_0.05_10_1,0.6429510821487614,0.6387856040894455
DL_BDTG_B_2000_3_20_0.1_1_0.25,0.7002007938328789,0.6479888739933605
DL_BDTG_B_2000_3_20_0.1_1_0.5,0.703130745642445,0.6505716439172672
DL_BDTG_B_2000_3_20_0.1_1_1,0.7020654004698395,0.6517222752609984
DL_BDTG_B_2000_3_20_0.1_5_0.25,0.6779031678736561,0.6445604893100838
DL_BDTG_B_2000_3_20_0.1_5_0.5,0.6795202365738066,0.6476066468196982
DL_BDTG_B_2000_3_20_0.1_5_1,0.6782361605852395,0.6484784345760631
DL_BDTG_B_2000_3_20_0.1_10_0.25,0.658223799700685,0.6407323206051889
DL_BDTG_B_2000_3_20_0.1_10_0.5,0.65815437630551,0.6432195306124121
DL_BDTG_B_2000_3_20_0.1_10_1,0.6564521429110088,0.6411858616358728
DL_BDTG_B_2000_4_20_0.01_1_0.25,0.6600040037005346,0.6500020022740439
DL_BDTG_B_2000_4_20_0.01_1_0.5,0.6592687606081421,0.650097101932797
DL_BDTG_B_2000_4_20_0.01_1_1,0.6571066838205172,0.6495940790156836
DL_BDTG_B_2000_4_20_0.01_5_0.25,0.6413506592136382,0.642674249052801
DL_BDTG_B_2000_4_20_0.01_5_0.5,0.6405078713404188,0.6428602121818131
DL_BDTG_B_2000_4_20_0.01_5_1,0.6386486828123599,0.6416303868826325
DL_BDTG_B_2000_4_20_0.01_10_0.25,0.6242059782706172,0.6331237223302493
DL_BDTG_B_2000_4_20_0.01_10_0.5,0.6239161277437176,0.632713121772002
DL_BDTG_B_2000_4_20_0.01_10_1,0.6222214993972983,0.6318887190169589
DL_BDTG_B_2000_4_20_0.05_1_0.25,0.7108719925841857,0.6515153009415584
DL_BDTG_B_2000_4_20_0.05_1_0.5,0.7125697201722829,0.6536981625339456
DL_BDTG_B_2000_4_20_0.05_1_1,0.7109995161474406,0.653579065628564
DL_BDTG_B_2000_4_20_0.05_5_0.25,0.6774185680100826,0.6483574038139989
DL_BDTG_B_2000_4_20_0.05_5_0.5,0.6761553835202777,0.6496087084259392
DL_BDTG_B_2000_4_20_0.05_5_1,0.6760356302011983,0.6501120483505695
DL_BDTG_B_2000_4_20_0.05_10_0.25,0.648778425395327,0.6418126774416568
DL_BDTG_B_2000_4_20_0.05_10_0.5,0.6495814875748409,0.6431341990631659
DL_BDTG_B_2000_4_20_0.05_10_1,0.6463640692691065,0.6390831846770606
DL_BDTG_B_2000_4_20_0.1_1_0.25,0.7412485662216345,0.6438172661879272
DL_BDTG_B_2000_4_20_0.1_1_0.5,0.746871358249204,0.6461526009153982
DL_BDTG_B_2000_4_20_0.1_1_1,0.7469300285106337,0.6498796677325018
DL_BDTG_B_2000_4_20_0.1_5_0.25,0.6954116178234578,0.6460331370964951
DL_BDTG_B_2000_4_20_0.1_5_0.5,0.6976858666266096,0.6455676546256468
DL_BDTG_B_2000_4_20_0.1_5_1,0.6964305365008242,0.6488384082900969
DL_BDTG_B_2000_4_20_0.1_10_0.25,0.6610825320552033,0.6393652396835797
DL_BDTG_B_2000_4_20_0.1_10_0.5,0.6623244443132955,0.6436415670596077
DL_BDTG_B_2000_4_20_0.1_10_1,0.660631380943248,0.6414510931467625
DL_BDTG_B_2000_5_20_0.01_1_0.25,0.6745929054310011,0.6533948639188072
DL_BDTG_B_2000_5_20_0.01_1_0.5,0.6728066885788826,0.6530239627092871
DL_BDTG_B_2000_5_20_0.01_1_1,0.671502215235423,0.6530922346766914
DL_BDTG_B_2000_5_20_0.01_5_0.25,0.6454026207973343,0.6452451297929973
DL_BDTG_B_2000_5_20_0.01_5_0.5,0.6451247774667228,0.6450864006074672
DL_BDTG_B_2000_5_20_0.01_5_1,0.6432764830101565,0.6440215793994432
DL_BDTG_B_2000_5_20_0.01_10_0.25,0.6246845306274983,0.6333299081221668
DL_BDTG_B_2000_5_20_0.01_10_0.5,0.6241315336847578,0.6329079319262914
DL_BDTG_B_2000_5_20_0.01_10_1,0.6224272155397282,0.6322539633930063
DL_BDTG_B_2000_5_20_0.05_1_0.25,0.7455351918591832,0.6487656116221914
DL_BDTG_B_2000_5_20_0.05_1_0.5,0.7468846422534136,0.6478827633727527
DL_BDTG_B_2000_5_20_0.05_1_1,0.7437607511898683,0.6533949788389217
DL_BDTG_B_2000_5_20_0.05_5_0.25,0.6853404606352826,0.6481317213455301
DL_BDTG_B_2000_5_20_0.05_5_0.5,0.684894360348182,0.6500484274823932
DL_BDTG_B_2000_5_20_0.05_5_1,0.68327810231492,0.6506489646119401
DL_BDTG_B_2000_5_20_0.05_10_0.25,0.649397291808771,0.641270564703217
DL_BDTG_B_2000_5_20_0.05_10_0.5,0.6496723731460909,0.6431686810710934
DL_BDTG_B_2000_5_20_0.05_10_1,0.6465550743282801,0.6391528944000722
DL_BDTG_B_2000_5_20_0.1_1_0.25,0.7855655747619671,0.635267086143717
DL_BDTG_B_2000_5_20_0.1_1_0.5,0.7924645996878277,0.6419504443275231
DL_BDTG_B_2000_5_20_0.1_1_1,0.7922890902265254,0.6476665140833605
DL_BDTG_B_2000_5_20_0.1_5_0.25,0.7063145113539,0.6443132969199106
DL_BDTG_B_2000_5_20_0.1_5_0.5,0.7096784381754132,0.6461691421731384
DL_BDTG_B_2000_5_20_0.1_5_1,0.7084552518426436,0.6497106244401292
DL_BDTG_B_2000_5_20_0.1_10_0.25,0.6622146806216944,0.6406374376244205
DL_BDTG_B_2000_5_20_0.1_10_0.5,0.663028946441558,0.6438619066469815
DL_BDTG_B_2000_5_20_0.1_10_1,0.6620558805425601,0.6423161714014852
DL_BDTG_B_2000_6_20_0.01_1_0.25,0.6882836947318383,0.6550888664945976
DL_BDTG_B_2000_6_20_0.01_1_0.5,0.6865238345053918,0.6550888521315462
DL_BDTG_B_2000_6_20_0.01_1_1,0.6848084819003873,0.6540924368952685
DL_BDTG_B_2000_6_20_0.01_5_0.25,0.6476748994085398,0.6462678497051852
DL_BDTG_B_2000_6_20_0.01_5_0.5,0.6469409950745262,0.6456310012722918
DL_BDTG_B_2000_6_20_0.01_5_1,0.6457573728044879,0.6446294462691381
DL_BDTG_B_2000_6_20_0.01_10_0.25,0.6246845306274983,0.6333299081221668
DL_BDTG_B_2000_6_20_0.01_10_0.5,0.6241315336847578,0.6329079319262914
DL_BDTG_B_2000_6_20_0.01_10_1,0.6224441414492122,0.6321556527176181
DL_BDTG_B_2000_6_20_0.05_1_0.25,0.77700445539795,0.643957918331765
DL_BDTG_B_2000_6_20_0.05_1_0.5,0.7786740502949434,0.649608393995412
DL_BDTG_B_2000_6_20_0.05_1_1,0.7763062157106562,0.6527308412027386
DL_BDTG_B_2000_6_20_0.05_5_0.25,0.6895841516142204,0.6503375960218575
DL_BDTG_B_2000_6_20_0.05_5_0.5,0.6896651120036934,0.6500700970681803
DL_BDTG_B_2000_6_20_0.05_5_1,0.6886712507437638,0.6499930768774488
DL_BDTG_B_2000_6_20_0.05_10_0.25,0.649397291808771,0.641270564703217
DL_BDTG_B_2000_6_20_0.05_10_0.5,0.6499329196021569,0.6432737084439791
DL_BDTG_B_2000_6_20_0.05_10_1,0.6465550743282801,0.6391528944000722
DL_BDTG_B_2000_6_20_0.1_1_0.25,0.82545178621311,0.6360708960274658
DL_BDTG_B_2000_6_20_0.1_1_0.5,0.8341152348527769,0.6431685320008289
DL_BDTG_B_2000_6_20_0.1_1_1,0.8339308893771519,0.642308316457729
DL_BDTG_B_2000_6_20_0.1_5_0.25,0.7118965833200599,0.6450208398524934
DL_BDTG_B_2000_6_20_0.1_5_0.5,0.7150130381193528,0.6453199863008244
DL_BDTG_B_2000_6_20_0.1_5_1,0.7145122817260088,0.6478505132744363
DL_BDTG_B_2000_6_20_0.1_10_0.25,0.6622146806216944,0.6406374376244205
DL_BDTG_B_2000_6_20_0.1_10_0.5,0.663028946441558,0.6438619066469815
DL_BDTG_B_2000_6_20_0.1_10_1,0.6620558805425601,0.6423161714014852
