BDT_VAR_DLG_B_1000_3_20_0.01_1_0.25,0.9095295604507673,0.8998904933813174
BDT_VAR_DLG_B_1000_3_20_0.01_1_0.5,0.9093124023816862,0.8992995393918523
BDT_VAR_DLG_B_1000_3_20_0.01_1_1,0.9089837275577314,0.8987091274521161
BDT_VAR_DLG_B_1000_3_20_0.01_5_0.25,0.9087557210921786,0.8990572203503528
BDT_VAR_DLG_B_1000_3_20_0.01_5_0.5,0.9085589744384858,0.8986608466497266
BDT_VAR_DLG_B_1000_3_20_0.01_5_1,0.9082957868824506,0.8980195505255065
BDT_VAR_DLG_B_1000_3_20_0.01_10_0.25,0.9078568201213328,0.8982127105514316
BDT_VAR_DLG_B_1000_3_20_0.01_10_0.5,0.907411524237627,0.8977011661307812
BDT_VAR_DLG_B_1000_3_20_0.01_10_1,0.9072392619539456,0.8967883313676361
BDT_VAR_DLG_B_1000_3_20_0.01_20_0.25,0.9023652368062437,0.8940882481380414
BDT_VAR_DLG_B_1000_3_20_0.01_20_0.5,0.9022266789359782,0.8939541215597534
BDT_VAR_DLG_B_1000_3_20_0.01_20_1,0.9015429963009405,0.8931506700481893
BDT_VAR_DLG_B_1000_3_20_0.05_1_0.25,0.9124707114202835,0.9012665271003983
BDT_VAR_DLG_B_1000_3_20_0.05_1_0.5,0.9128340381079881,0.9007107427959341
BDT_VAR_DLG_B_1000_3_20_0.05_1_1,0.9128624906998346,0.9000966557854786
BDT_VAR_DLG_B_1000_3_20_0.05_5_0.25,0.9114885851274289,0.90058580369699
BDT_VAR_DLG_B_1000_3_20_0.05_5_0.5,0.9118142564858679,0.9005519864248231
BDT_VAR_DLG_B_1000_3_20_0.05_5_1,0.9118605633553439,0.8998165298974352
BDT_VAR_DLG_B_1000_3_20_0.05_10_0.25,0.910070320990519,0.8996555672122417
BDT_VAR_DLG_B_1000_3_20_0.05_10_0.5,0.9101922176776933,0.8989483310631132
BDT_VAR_DLG_B_1000_3_20_0.05_10_1,0.9102503039385662,0.8985435689840587
BDT_VAR_DLG_B_1000_3_20_0.05_20_0.25,0.904216053987804,0.8954135373836514
BDT_VAR_DLG_B_1000_3_20_0.05_20_0.5,0.9046112182585071,0.8955910323580079
BDT_VAR_DLG_B_1000_3_20_0.05_20_1,0.9039520891544028,0.8946437159008459
BDT_VAR_DLG_B_1000_3_20_0.1_1_0.25,0.9136706260774986,0.9009755672123252
BDT_VAR_DLG_B_1000_3_20_0.1_1_0.5,0.9142146671189804,0.9007612644445417
BDT_VAR_DLG_B_1000_3_20_0.1_1_1,0.9140685708271943,0.90010032707006
BDT_VAR_DLG_B_1000_3_20_0.1_5_0.25,0.9122159038231533,0.9003767954559895
BDT_VAR_DLG_B_1000_3_20_0.1_5_0.5,0.9124271045968382,0.9003071712101445
BDT_VAR_DLG_B_1000_3_20_0.1_5_1,0.912701909542494,0.8995205757321559
BDT_VAR_DLG_B_1000_3_20_0.1_10_0.25,0.9109190964083634,0.8997177743938631
BDT_VAR_DLG_B_1000_3_20_0.1_10_0.5,0.9108518433778501,0.8992492239727531
BDT_VAR_DLG_B_1000_3_20_0.1_10_1,0.91101751030527,0.8986379245500797
BDT_VAR_DLG_B_1000_3_20_0.1_20_0.25,0.9050046312883583,0.8954233038682531
BDT_VAR_DLG_B_1000_3_20_0.1_20_0.5,0.9055186249455349,0.8960752449240758
BDT_VAR_DLG_B_1000_3_20_0.1_20_1,0.9048821947935091,0.8954518040353012
BDT_VAR_DLG_B_1000_4_20_0.01_1_0.25,0.9115021986866493,0.9009429616302295
BDT_VAR_DLG_B_1000_4_20_0.01_1_0.5,0.9115800487425192,0.9007625477829039
BDT_VAR_DLG_B_1000_4_20_0.01_1_1,0.9113258548328943,0.9000064348501731
BDT_VAR_DLG_B_1000_4_20_0.01_5_0.25,0.9099643538584735,0.8995743063097325
BDT_VAR_DLG_B_1000_4_20_0.01_5_0.5,0.9098741703535057,0.8994251197908781
BDT_VAR_DLG_B_1000_4_20_0.01_5_1,0.9098366889184959,0.8989572458004951
BDT_VAR_DLG_B_1000_4_20_0.01_10_0.25,0.9082755461875943,0.8982779213230034
BDT_VAR_DLG_B_1000_4_20_0.01_10_0.5,0.907935113750713,0.8976425771540512
BDT_VAR_DLG_B_1000_4_20_0.01_10_1,0.907831534208084,0.897093523966206
BDT_VAR_DLG_B_1000_4_20_0.01_20_0.25,0.9023652368062437,0.8940882481380414
BDT_VAR_DLG_B_1000_4_20_0.01_20_0.5,0.9022266789359782,0.8939541215597534
BDT_VAR_DLG_B_1000_4_20_0.01_20_1,0.9015429963009405,0.8931506700481893
BDT_VAR_DLG_B_1000_4_20_0.05_1_0.25,0.9147491007789713,0.9008483660087538
BDT_VAR_DLG_B_1000_4_20_0.05_1_0.5,0.9149197793878717,0.9006949406739314
BDT_VAR_DLG_B_1000_4_20_0.05_1_1,0.9151052644882992,0.9006358163896312
BDT_VAR_DLG_B_1000_4_20_0.05_5_0.25,0.9124614480492323,0.900395752559344
BDT_VAR_DLG_B_1000_4_20_0.05_5_0.5,0.9126738399360763,0.9006400153825314
BDT_VAR_DLG_B_1000_4_20_0.05_5_1,0.9129555214596312,0.9000469304681973
BDT_VAR_DLG_B_1000_4_20_0.05_10_0.25,0.9105366453247742,0.8992549653521237
BDT_VAR_DLG_B_1000_4_20_0.05_10_0.5,0.9106600482043703,0.8990610773310734
BDT_VAR_DLG_B_1000_4_20_0.05_10_1,0.9109199246461681,0.8986379326167203
BDT_VAR_DLG_B_1000_4_20_0.05_20_0.25,0.904216053987804,0.8954135373836514
BDT_VAR_DLG_B_1000_4_20_0.05_20_0.5,0.9046112182585071,0.8955910323580079
BDT_VAR_DLG_B_1000_4_20_0.05_20_1,0.9039520891544028,0.8946437159008459
BDT_VAR_DLG_B_1000_4_20_0.1_1_0.25,0.91621559508461,0.899291949306073
BDT_VAR_DLG_B_1000_4_20_0.1_1_0.5,0.9169187530830065,0.8992837204185983
BDT_VAR_DLG_B_1000_4_20_0.1_1_1,0.9172740162967723,0.9001366343356849
BDT_VAR_DLG_B_1000_4_20_0.1_5_0.25,0.9139389132647683,0.9003610641933696
BDT_VAR_DLG_B_1000_4_20_0.1_5_0.5,0.9138598154040847,0.9000461775165609
BDT_VAR_DLG_B_1000_4_20_0.1_5_1,0.9143379369378875,0.9001405683633114
BDT_VAR_DLG_B_1000_4_20_0.1_10_0.25,0.9114348185534078,0.8993309933926761
BDT_VAR_DLG_B_1000_4_20_0.1_10_0.5,0.9114354794211877,0.8986322165969499
BDT_VAR_DLG_B_1000_4_20_0.1_10_1,0.9114930287548199,0.8985913131756856
BDT_VAR_DLG_B_1000_4_20_0.1_20_0.25,0.9050046312883583,0.8954233038682531
BDT_VAR_DLG_B_1000_4_20_0.1_20_0.5,0.9055186249455349,0.8960752449240758
BDT_VAR_DLG_B_1000_4_20_0.1_20_1,0.9048821947935091,0.8954518040353012
BDT_VAR_DLG_B_1000_5_20_0.01_1_0.25,0.9126887199427646,0.9013233715930499
BDT_VAR_DLG_B_1000_5_20_0.01_1_0.5,0.9128950634321794,0.9011571697627107
BDT_VAR_DLG_B_1000_5_20_0.01_1_1,0.912941068712161,0.9007118046898811
BDT_VAR_DLG_B_1000_5_20_0.01_5_0.25,0.91035531031765,0.8996442522897841
BDT_VAR_DLG_B_1000_5_20_0.01_5_0.5,0.910327813850151,0.8994156609805318
BDT_VAR_DLG_B_1000_5_20_0.01_5_1,0.9103719055594274,0.8991678786410956
BDT_VAR_DLG_B_1000_5_20_0.01_10_0.25,0.9083459831769267,0.8982825168078367
BDT_VAR_DLG_B_1000_5_20_0.01_10_0.5,0.9080623003837563,0.8976578190879407
BDT_VAR_DLG_B_1000_5_20_0.01_10_1,0.9080526713995116,0.8972380942369523
BDT_VAR_DLG_B_1000_5_20_0.01_20_0.25,0.9023652368062437,0.8940882481380414
BDT_VAR_DLG_B_1000_5_20_0.01_20_0.5,0.9022266789359782,0.8939541215597534
BDT_VAR_DLG_B_1000_5_20_0.01_20_1,0.9015429963009405,0.8931506700481893
BDT_VAR_DLG_B_1000_5_20_0.05_1_0.25,0.9168226326529897,0.900726844474657
BDT_VAR_DLG_B_1000_5_20_0.05_1_0.5,0.9173753090640353,0.900529651346129
BDT_VAR_DLG_B_1000_5_20_0.05_1_1,0.9175670578163464,0.901059570285423
BDT_VAR_DLG_B_1000_5_20_0.05_5_0.25,0.9133326816750569,0.9004870078188911
BDT_VAR_DLG_B_1000_5_20_0.05_5_0.5,0.9135002842362089,0.9005345233275394
BDT_VAR_DLG_B_1000_5_20_0.05_5_1,0.9137892529424277,0.8999293281403346
BDT_VAR_DLG_B_1000_5_20_0.05_10_0.25,0.910834509699166,0.8994248767787929
BDT_VAR_DLG_B_1000_5_20_0.05_10_0.5,0.9108571106601442,0.8989687066795425
BDT_VAR_DLG_B_1000_5_20_0.05_10_1,0.9109419535996446,0.8986001613727108
BDT_VAR_DLG_B_1000_5_20_0.05_20_0.25,0.904216053987804,0.8954135373836514
BDT_VAR_DLG_B_1000_5_20_0.05_20_0.5,0.9046112182585071,0.8955910323580079
BDT_VAR_DLG_B_1000_5_20_0.05_20_1,0.9039520891544028,0.8946437159008459
BDT_VAR_DLG_B_1000_5_20_0.1_1_0.25,0.9192864941851705,0.8989041014046214
BDT_VAR_DLG_B_1000_5_20_0.1_1_0.5,0.9201536317202675,0.8987379262158754
BDT_VAR_DLG_B_1000_5_20_0.1_1_1,0.9206975055135292,0.8993537741008335
BDT_VAR_DLG_B_1000_5_20_0.1_5_0.25,0.9148209889463657,0.9003951769549875
BDT_VAR_DLG_B_1000_5_20_0.1_5_0.5,0.9147219347625263,0.8995077094352434
BDT_VAR_DLG_B_1000_5_20_0.1_5_1,0.9152057718807504,0.8998739317009539
BDT_VAR_DLG_B_1000_5_20_0.1_10_0.25,0.9117548867563062,0.8990056121729162
BDT_VAR_DLG_B_1000_5_20_0.1_10_0.5,0.9118140885188897,0.8984455344353476
BDT_VAR_DLG_B_1000_5_20_0.1_10_1,0.9116966960728471,0.8981998415589985
BDT_VAR_DLG_B_1000_5_20_0.1_20_0.25,0.9050046312883583,0.8954233038682531
BDT_VAR_DLG_B_1000_5_20_0.1_20_0.5,0.9055186249455349,0.8960752449240758
BDT_VAR_DLG_B_1000_5_20_0.1_20_1,0.9048821947935091,0.8954518040353012
BDT_VAR_DLG_B_1000_6_20_0.01_1_0.25,0.9137186958960283,0.9013402069782036
BDT_VAR_DLG_B_1000_6_20_0.01_1_0.5,0.9139729331586348,0.9012300182644689
BDT_VAR_DLG_B_1000_6_20_0.01_1_1,0.9141579818037862,0.9009775622714135
BDT_VAR_DLG_B_1000_6_20_0.01_5_0.25,0.9105803101670286,0.8997284711054662
BDT_VAR_DLG_B_1000_6_20_0.01_5_0.5,0.9105419672882957,0.8994088205416798
BDT_VAR_DLG_B_1000_6_20_0.01_5_1,0.9106013995610971,0.8990936389402624
BDT_VAR_DLG_B_1000_6_20_0.01_10_0.25,0.9083243388434304,0.8982772534483036
BDT_VAR_DLG_B_1000_6_20_0.01_10_0.5,0.9080791051667347,0.89763719734135
BDT_VAR_DLG_B_1000_6_20_0.01_10_1,0.9080646218206017,0.8972473247584063
BDT_VAR_DLG_B_1000_6_20_0.01_20_0.25,0.9023652368062437,0.8940882481380414
BDT_VAR_DLG_B_1000_6_20_0.01_20_0.5,0.9022266789359782,0.8939541215597534
BDT_VAR_DLG_B_1000_6_20_0.01_20_1,0.9015429963009405,0.8931506700481893
BDT_VAR_DLG_B_1000_6_20_0.05_1_0.25,0.919501655054746,0.9004124152790288
BDT_VAR_DLG_B_1000_6_20_0.05_1_0.5,0.9199925465731975,0.9001950061213163
BDT_VAR_DLG_B_1000_6_20_0.05_1_1,0.9200356414600275,0.9004959970960489
BDT_VAR_DLG_B_1000_6_20_0.05_5_0.25,0.9137798387207413,0.9006099560344096
BDT_VAR_DLG_B_1000_6_20_0.05_5_0.5,0.9139488673908315,0.9004104336488098
BDT_VAR_DLG_B_1000_6_20_0.05_5_1,0.9143271698731095,0.8997481066006849
BDT_VAR_DLG_B_1000_6_20_0.05_10_0.25,0.9108491179043189,0.8993970605125231
BDT_VAR_DLG_B_1000_6_20_0.05_10_0.5,0.9108062200266656,0.8991089769539887
BDT_VAR_DLG_B_1000_6_20_0.05_10_1,0.9110749364176479,0.898348873990719
BDT_VAR_DLG_B_1000_6_20_0.05_20_0.25,0.904216053987804,0.8954135373836514
BDT_VAR_DLG_B_1000_6_20_0.05_20_0.5,0.9046112182585071,0.8955910323580079
BDT_VAR_DLG_B_1000_6_20_0.05_20_1,0.9039520891544028,0.8946437159008459
BDT_VAR_DLG_B_1000_6_20_0.1_1_0.25,0.923098461681967,0.8980683344771908
BDT_VAR_DLG_B_1000_6_20_0.1_1_0.5,0.9242809203283587,0.898588576141266
BDT_VAR_DLG_B_1000_6_20_0.1_1_1,0.9246592534739275,0.8991275511357738
BDT_VAR_DLG_B_1000_6_20_0.1_5_0.25,0.9155392143997962,0.8995711650443444
BDT_VAR_DLG_B_1000_6_20_0.1_5_0.5,0.9157049907751555,0.8997055861108098
BDT_VAR_DLG_B_1000_6_20_0.1_5_1,0.9159776661818887,0.9002292151370114
BDT_VAR_DLG_B_1000_6_20_0.1_10_0.25,0.9117104657934602,0.8993170911394351
BDT_VAR_DLG_B_1000_6_20_0.1_10_0.5,0.9118082372747088,0.8984253801113021
BDT_VAR_DLG_B_1000_6_20_0.1_10_1,0.9117741422323368,0.8981882029579278
BDT_VAR_DLG_B_1000_6_20_0.1_20_0.25,0.9050046312883583,0.8954233038682531
BDT_VAR_DLG_B_1000_6_20_0.1_20_0.5,0.9055186249455349,0.8960752449240758
BDT_VAR_DLG_B_1000_6_20_0.1_20_1,0.9048821947935091,0.8954518040353012
BDT_VAR_DLG_B_1250_3_20_0.01_1_0.25,0.9102358224210287,0.900398288551853
BDT_VAR_DLG_B_1250_3_20_0.01_1_0.5,0.9101714631234259,0.8999270262235615
BDT_VAR_DLG_B_1250_3_20_0.01_1_1,0.9098470223232583,0.899381490077731
BDT_VAR_DLG_B_1250_3_20_0.01_5_0.25,0.9094215934191127,0.8995784596439726
BDT_VAR_DLG_B_1250_3_20_0.01_5_0.5,0.90929879605143,0.8992136472623309
BDT_VAR_DLG_B_1250_3_20_0.01_5_1,0.9091236344660465,0.8986787628564679
BDT_VAR_DLG_B_1250_3_20_0.01_10_0.25,0.9083506239172918,0.8985932671289452
BDT_VAR_DLG_B_1250_3_20_0.01_10_0.5,0.9080139424899659,0.8981703875213906
BDT_VAR_DLG_B_1250_3_20_0.01_10_1,0.907821978641126,0.8972259428447955
BDT_VAR_DLG_B_1250_3_20_0.01_20_0.25,0.9030570582523447,0.8947310923824209
BDT_VAR_DLG_B_1250_3_20_0.01_20_0.5,0.9029996065015083,0.8946363292656038
BDT_VAR_DLG_B_1250_3_20_0.01_20_1,0.9023432158240003,0.893904966352336
BDT_VAR_DLG_B_1250_3_20_0.05_1_0.25,0.9129695990403307,0.901101918647178
BDT_VAR_DLG_B_1250_3_20_0.05_1_0.5,0.9132760174630616,0.9008193679966497
BDT_VAR_DLG_B_1250_3_20_0.05_1_1,0.913328646818935,0.9000858886306372
BDT_VAR_DLG_B_1250_3_20_0.05_5_0.25,0.9118696950474074,0.9005183843517566
BDT_VAR_DLG_B_1250_3_20_0.05_5_0.5,0.9121106551029077,0.9005153770191326
BDT_VAR_DLG_B_1250_3_20_0.05_5_1,0.9122184072225661,0.8999939567686073
BDT_VAR_DLG_B_1250_3_20_0.05_10_0.25,0.9103216759595933,0.8997455929111783
BDT_VAR_DLG_B_1250_3_20_0.05_10_0.5,0.9104493726205808,0.8991018650360864
BDT_VAR_DLG_B_1250_3_20_0.05_10_1,0.9105769564458758,0.8986686573556931
BDT_VAR_DLG_B_1250_3_20_0.05_20_0.25,0.9046564633246524,0.8957640786524155
BDT_VAR_DLG_B_1250_3_20_0.05_20_0.5,0.9049060460235553,0.895804878198851
BDT_VAR_DLG_B_1250_3_20_0.05_20_1,0.904337713644738,0.8949567532469931
BDT_VAR_DLG_B_1250_3_20_0.1_1_0.25,0.9141713007360985,0.9005627671714245
BDT_VAR_DLG_B_1250_3_20_0.1_1_0.5,0.9146237661881662,0.9005656638597337
BDT_VAR_DLG_B_1250_3_20_0.1_1_1,0.9146886397867934,0.9000509466101514
BDT_VAR_DLG_B_1250_3_20_0.1_5_0.25,0.9128393722738563,0.9001838981306254
BDT_VAR_DLG_B_1250_3_20_0.1_5_0.5,0.9128094277067661,0.900083017016318
BDT_VAR_DLG_B_1250_3_20_0.1_5_1,0.9131461168219144,0.899703988535746
BDT_VAR_DLG_B_1250_3_20_0.1_10_0.25,0.9112097624018781,0.8997731519374348
BDT_VAR_DLG_B_1250_3_20_0.1_10_0.5,0.9111763555775214,0.8993484181971132
BDT_VAR_DLG_B_1250_3_20_0.1_10_1,0.9113884111283864,0.8988867564992961
BDT_VAR_DLG_B_1250_3_20_0.1_20_0.25,0.9055976331453355,0.8958383152241327
BDT_VAR_DLG_B_1250_3_20_0.1_20_0.5,0.9057241076311812,0.8961155166537884
BDT_VAR_DLG_B_1250_3_20_0.1_20_1,0.9053605102228919,0.8959251246943071
BDT_VAR_DLG_B_1250_4_20_0.01_1_0.25,0.9119898873318418,0.9012046778948917
BDT_VAR_DLG_B_1250_4_20_0.01_1_0.5,0.9121191077527653,0.9010565879409514
BDT_VAR_DLG_B_1250_4_20_0.01_1_1,0.9120585408581242,0.9004550058584079
BDT_VAR_DLG_B_1250_4_20_0.01_5_0.25,0.910404177324082,0.8998905698549078
BDT_VAR_DLG_B_1250_4_20_0.01_5_0.5,0.9103887821637011,0.8997105452801685
BDT_VAR_DLG_B_1250_4_20_0.01_5_1,0.9104394979662636,0.8993791239387393
BDT_VAR_DLG_B_1250_4_20_0.01_10_0.25,0.9086975375687455,0.8985248886561192
BDT_VAR_DLG_B_1250_4_20_0.01_10_0.5,0.908504716490479,0.8980478114098179
BDT_VAR_DLG_B_1250_4_20_0.01_10_1,0.9083891456145707,0.8974892588872646
BDT_VAR_DLG_B_1250_4_20_0.01_20_0.25,0.9030570582523447,0.8947310923824209
BDT_VAR_DLG_B_1250_4_20_0.01_20_0.5,0.9029996065015083,0.8946363292656038
BDT_VAR_DLG_B_1250_4_20_0.01_20_1,0.9023432158240003,0.893904966352336
BDT_VAR_DLG_B_1250_4_20_0.05_1_0.25,0.9155032275245137,0.9006082185146332
BDT_VAR_DLG_B_1250_4_20_0.05_1_0.5,0.9156608072485163,0.9007079223830684
BDT_VAR_DLG_B_1250_4_20_0.05_1_1,0.9157734134913801,0.9004326042603578
BDT_VAR_DLG_B_1250_4_20_0.05_5_0.25,0.9129601760496533,0.9002271165847476
BDT_VAR_DLG_B_1250_4_20_0.05_5_0.5,0.913181129220242,0.9007690962232782
BDT_VAR_DLG_B_1250_4_20_0.05_5_1,0.9134688120141293,0.9002947376371944
BDT_VAR_DLG_B_1250_4_20_0.05_10_0.25,0.910776895547392,0.8993082000928161
BDT_VAR_DLG_B_1250_4_20_0.05_10_0.5,0.9109531562505967,0.8991960945375501
BDT_VAR_DLG_B_1250_4_20_0.05_10_1,0.9112241711932086,0.8986412459288792
BDT_VAR_DLG_B_1250_4_20_0.05_20_0.25,0.9046564633246524,0.8957640786524155
BDT_VAR_DLG_B_1250_4_20_0.05_20_0.5,0.9049060460235553,0.895804878198851
BDT_VAR_DLG_B_1250_4_20_0.05_20_1,0.904337713644738,0.8949567532469931
BDT_VAR_DLG_B_1250_4_20_0.1_1_0.25,0.9172285178626928,0.8989101332935664
BDT_VAR_DLG_B_1250_4_20_0.1_1_0.5,0.9177595983741463,0.8987244790634733
BDT_VAR_DLG_B_1250_4_20_0.1_1_1,0.9181457267026497,0.8999347992817819
BDT_VAR_DLG_B_1250_4_20_0.1_5_0.25,0.9145409361332192,0.8998143412476715
BDT_VAR_DLG_B_1250_4_20_0.1_5_0.5,0.9144606847919463,0.8997441545933128
BDT_VAR_DLG_B_1250_4_20_0.1_5_1,0.9148305197034532,0.8999060481331181
BDT_VAR_DLG_B_1250_4_20_0.1_10_0.25,0.9117498355298903,0.8992322815912965
BDT_VAR_DLG_B_1250_4_20_0.1_10_0.5,0.9119187648859527,0.8988653619848078
BDT_VAR_DLG_B_1250_4_20_0.1_10_1,0.9119341778382444,0.8988741192542783
BDT_VAR_DLG_B_1250_4_20_0.1_20_0.25,0.9055976331453355,0.8958383152241327
BDT_VAR_DLG_B_1250_4_20_0.1_20_0.5,0.9057241076311812,0.8961155166537884
BDT_VAR_DLG_B_1250_4_20_0.1_20_1,0.9053605102228919,0.8959251246943071
BDT_VAR_DLG_B_1250_5_20_0.01_1_0.25,0.913117412475877,0.901411792336062
BDT_VAR_DLG_B_1250_5_20_0.01_1_0.5,0.9134271928453739,0.9014008612190998
BDT_VAR_DLG_B_1250_5_20_0.01_1_1,0.9135620231971681,0.9009248981405102
BDT_VAR_DLG_B_1250_5_20_0.01_5_0.25,0.9108031285866132,0.8999235895708134
BDT_VAR_DLG_B_1250_5_20_0.01_5_0.5,0.9108065663047257,0.8996927972328091
BDT_VAR_DLG_B_1250_5_20_0.01_5_1,0.9109718770141694,0.8995265747716342
BDT_VAR_DLG_B_1250_5_20_0.01_10_0.25,0.9087555338327652,0.8985172793378495
BDT_VAR_DLG_B_1250_5_20_0.01_10_0.5,0.9086319243003484,0.8980259250191733
BDT_VAR_DLG_B_1250_5_20_0.01_10_1,0.9086056809232093,0.8976173408868533
BDT_VAR_DLG_B_1250_5_20_0.01_20_0.25,0.9030570582523447,0.8947310923824209
BDT_VAR_DLG_B_1250_5_20_0.01_20_0.5,0.9029996065015083,0.8946363292656038
BDT_VAR_DLG_B_1250_5_20_0.01_20_1,0.9023432158240003,0.893904966352336
BDT_VAR_DLG_B_1250_5_20_0.05_1_0.25,0.9179416596115393,0.9007465614743563
BDT_VAR_DLG_B_1250_5_20_0.05_1_0.5,0.9183737370728091,0.9004011945323033
BDT_VAR_DLG_B_1250_5_20_0.05_1_1,0.9184583871179451,0.9007240469806964
BDT_VAR_DLG_B_1250_5_20_0.05_5_0.25,0.9137921852817729,0.9001606657636363
BDT_VAR_DLG_B_1250_5_20_0.05_5_0.5,0.9139779666216811,0.9004054036044882
BDT_VAR_DLG_B_1250_5_20_0.05_5_1,0.9143626706185858,0.9000320110320164
BDT_VAR_DLG_B_1250_5_20_0.05_10_0.25,0.9111277331147157,0.8994936677333291
BDT_VAR_DLG_B_1250_5_20_0.05_10_0.5,0.9111344957972236,0.8990968904021913
BDT_VAR_DLG_B_1250_5_20_0.05_10_1,0.9113214578364331,0.8986981894832118
BDT_VAR_DLG_B_1250_5_20_0.05_20_0.25,0.9046564633246524,0.8957640786524155
BDT_VAR_DLG_B_1250_5_20_0.05_20_0.5,0.9049060460235553,0.895804878198851
BDT_VAR_DLG_B_1250_5_20_0.05_20_1,0.904337713644738,0.8949567532469931
BDT_VAR_DLG_B_1250_5_20_0.1_1_0.25,0.9207187496162781,0.8981529824692545
BDT_VAR_DLG_B_1250_5_20_0.1_1_0.5,0.9216947218207434,0.8984623931508807
BDT_VAR_DLG_B_1250_5_20_0.1_1_1,0.9220340887294614,0.8992072504101506
BDT_VAR_DLG_B_1250_5_20_0.1_5_0.25,0.9155262784224283,0.8999301026676962
BDT_VAR_DLG_B_1250_5_20_0.1_5_0.5,0.9154203452328563,0.8992494324478083
BDT_VAR_DLG_B_1250_5_20_0.1_5_1,0.915871457043893,0.8997516862738876
BDT_VAR_DLG_B_1250_5_20_0.1_10_0.25,0.9121612694489849,0.8988923387516383
BDT_VAR_DLG_B_1250_5_20_0.1_10_0.5,0.9122219859096925,0.8984524217240297
BDT_VAR_DLG_B_1250_5_20_0.1_10_1,0.9121778709757997,0.8984589668715224
BDT_VAR_DLG_B_1250_5_20_0.1_20_0.25,0.9055976331453355,0.8958383152241327
BDT_VAR_DLG_B_1250_5_20_0.1_20_0.5,0.9057241076311812,0.8961155166537884
BDT_VAR_DLG_B_1250_5_20_0.1_20_1,0.9053605102228919,0.8959251246943071
BDT_VAR_DLG_B_1250_6_20_0.01_1_0.25,0.9142703967628381,0.9013659235840261
BDT_VAR_DLG_B_1250_6_20_0.01_1_0.5,0.9145731612684498,0.9013880139937326
BDT_VAR_DLG_B_1250_6_20_0.01_1_1,0.9147962265896862,0.9011457642574221
BDT_VAR_DLG_B_1250_6_20_0.01_5_0.25,0.9110359539479735,0.8999639389398703
BDT_VAR_DLG_B_1250_6_20_0.01_5_0.5,0.9110270781764191,0.8997095391330944
BDT_VAR_DLG_B_1250_6_20_0.01_5_1,0.911212292043932,0.8994325010513257
BDT_VAR_DLG_B_1250_6_20_0.01_10_0.25,0.9087129246825806,0.898502954286269
BDT_VAR_DLG_B_1250_6_20_0.01_10_0.5,0.9086356580687708,0.8979785531723277
BDT_VAR_DLG_B_1250_6_20_0.01_10_1,0.908616051379062,0.8976127223241239
BDT_VAR_DLG_B_1250_6_20_0.01_20_0.25,0.9030570582523447,0.8947310923824209
BDT_VAR_DLG_B_1250_6_20_0.01_20_0.5,0.9029996065015083,0.8946363292656038
BDT_VAR_DLG_B_1250_6_20_0.01_20_1,0.9023432158240003,0.893904966352336
BDT_VAR_DLG_B_1250_6_20_0.05_1_0.25,0.9210465332021424,0.9000995304656694
BDT_VAR_DLG_B_1250_6_20_0.05_1_0.5,0.9214497256191663,0.9002419101670275
BDT_VAR_DLG_B_1250_6_20_0.05_1_1,0.9214217906378399,0.9002923022758866
BDT_VAR_DLG_B_1250_6_20_0.05_5_0.25,0.914407417812897,0.9004517469698723
BDT_VAR_DLG_B_1250_6_20_0.05_5_0.5,0.914602406401557,0.900260561153905
BDT_VAR_DLG_B_1250_6_20_0.05_5_1,0.914965608245394,0.8998077662866413
BDT_VAR_DLG_B_1250_6_20_0.05_10_0.25,0.911140031960372,0.8994869545640178
BDT_VAR_DLG_B_1250_6_20_0.05_10_0.5,0.9110931772776873,0.8991921777530851
BDT_VAR_DLG_B_1250_6_20_0.05_10_1,0.911379456359705,0.8984183879798594
BDT_VAR_DLG_B_1250_6_20_0.05_20_0.25,0.9046564633246524,0.8957640786524155
BDT_VAR_DLG_B_1250_6_20_0.05_20_0.5,0.9049060460235553,0.895804878198851
BDT_VAR_DLG_B_1250_6_20_0.05_20_1,0.904337713644738,0.8949567532469931
BDT_VAR_DLG_B_1250_6_20_0.1_1_0.25,0.9253174124011027,0.8975208117076469
BDT_VAR_DLG_B_1250_6_20_0.1_1_0.5,0.9266259332514114,0.8981396900410269
BDT_VAR_DLG_B_1250_6_20_0.1_1_1,0.9267136945931147,0.8987665628849542
BDT_VAR_DLG_B_1250_6_20_0.1_5_0.25,0.9162764021649423,0.8989261973558126
BDT_VAR_DLG_B_1250_6_20_0.1_5_0.5,0.9164873593526873,0.8991443987183111
BDT_VAR_DLG_B_1250_6_20_0.1_5_1,0.9167325928232861,0.9003128336445891
BDT_VAR_DLG_B_1250_6_20_0.1_10_0.25,0.9120286833210398,0.8994086392469118
BDT_VAR_DLG_B_1250_6_20_0.1_10_0.5,0.91219286663432,0.8985074951975233
BDT_VAR_DLG_B_1250_6_20_0.1_10_1,0.912283119408386,0.8984647599230023
BDT_VAR_DLG_B_1250_6_20_0.1_20_0.25,0.9055976331453355,0.8958383152241327
BDT_VAR_DLG_B_1250_6_20_0.1_20_0.5,0.9057241076311812,0.8961155166537884
BDT_VAR_DLG_B_1250_6_20_0.1_20_1,0.9053605102228919,0.8959251246943071
BDT_VAR_DLG_B_1500_3_20_0.01_1_0.25,0.9106514350579081,0.9005878802072982
BDT_VAR_DLG_B_1500_3_20_0.01_1_0.5,0.9106583019564444,0.900278948326485
BDT_VAR_DLG_B_1500_3_20_0.01_1_1,0.9104322155356236,0.8997978572549248
BDT_VAR_DLG_B_1500_3_20_0.01_5_0.25,0.9098035093279282,0.8997767962579633
BDT_VAR_DLG_B_1500_3_20_0.01_5_0.5,0.9097484528041997,0.899577288764817
BDT_VAR_DLG_B_1500_3_20_0.01_5_1,0.9095920567943768,0.8990579022319556
BDT_VAR_DLG_B_1500_3_20_0.01_10_0.25,0.9086418168997606,0.898769210827546
BDT_VAR_DLG_B_1500_3_20_0.01_10_0.5,0.9084267181534095,0.8984492785792689
BDT_VAR_DLG_B_1500_3_20_0.01_10_1,0.9082185107347238,0.8975261102081031
BDT_VAR_DLG_B_1500_3_20_0.01_20_0.25,0.9033901560098736,0.8949725096089688
BDT_VAR_DLG_B_1500_3_20_0.01_20_0.5,0.9033354925280409,0.8949836764405112
BDT_VAR_DLG_B_1500_3_20_0.01_20_1,0.9027542964770673,0.8942173553484973
BDT_VAR_DLG_B_1500_3_20_0.05_1_0.25,0.9133116772274191,0.9009923123037956
BDT_VAR_DLG_B_1500_3_20_0.05_1_0.5,0.9135545279130215,0.9006592766918562
BDT_VAR_DLG_B_1500_3_20_0.05_1_1,0.9137449208041292,0.9001423990290149
BDT_VAR_DLG_B_1500_3_20_0.05_5_0.25,0.9121291181058397,0.9004354521245386
BDT_VAR_DLG_B_1500_3_20_0.05_5_0.5,0.912335857549732,0.9003503339106755
BDT_VAR_DLG_B_1500_3_20_0.05_5_1,0.9125283703204531,0.9001340461731576
BDT_VAR_DLG_B_1500_3_20_0.05_10_0.25,0.9105464826314182,0.8995209374858488
BDT_VAR_DLG_B_1500_3_20_0.05_10_0.5,0.9106221043201185,0.8990752887887313
BDT_VAR_DLG_B_1500_3_20_0.05_10_1,0.9109103119669982,0.8988336735652421
BDT_VAR_DLG_B_1500_3_20_0.05_20_0.25,0.9048996858285061,0.8958976104473704
BDT_VAR_DLG_B_1500_3_20_0.05_20_0.5,0.9050959838931886,0.8958431803672028
BDT_VAR_DLG_B_1500_3_20_0.05_20_1,0.9046464591142154,0.8952143343395286
BDT_VAR_DLG_B_1500_3_20_0.1_1_0.25,0.9145432017426749,0.9002701678180262
BDT_VAR_DLG_B_1500_3_20_0.1_1_0.5,0.9149393591677036,0.900191350595948
BDT_VAR_DLG_B_1500_3_20_0.1_1_1,0.9151549403103137,0.9001294596606207
BDT_VAR_DLG_B_1500_3_20_0.1_5_0.25,0.9128539526655717,0.899530648745986
BDT_VAR_DLG_B_1500_3_20_0.1_5_0.5,0.9131187974763438,0.8997888035179923
BDT_VAR_DLG_B_1500_3_20_0.1_5_1,0.9135192709642693,0.8997543096476069
BDT_VAR_DLG_B_1500_3_20_0.1_10_0.25,0.9112410671960957,0.8993321617957927
BDT_VAR_DLG_B_1500_3_20_0.1_10_0.5,0.9114574365357864,0.8992285024690112
BDT_VAR_DLG_B_1500_3_20_0.1_10_1,0.9117028523346979,0.8989412171399146
BDT_VAR_DLG_B_1500_3_20_0.1_20_0.25,0.9056490296685197,0.8958818212643678
BDT_VAR_DLG_B_1500_3_20_0.1_20_0.5,0.905918927625559,0.8961118914209021
BDT_VAR_DLG_B_1500_3_20_0.1_20_1,0.9056616757212351,0.8962598557851622
BDT_VAR_DLG_B_1500_4_20_0.01_1_0.25,0.9122728203146216,0.9012811889497924
BDT_VAR_DLG_B_1500_4_20_0.01_1_0.5,0.9124926357369274,0.9011500423803409
BDT_VAR_DLG_B_1500_4_20_0.01_1_1,0.9125375758199504,0.9007068281616968
BDT_VAR_DLG_B_1500_4_20_0.01_5_0.25,0.9107188354000515,0.9000219607377247
BDT_VAR_DLG_B_1500_4_20_0.01_5_0.5,0.9107025072052702,0.8999046758162749
BDT_VAR_DLG_B_1500_4_20_0.01_5_1,0.9108369500193116,0.8996200934144034
BDT_VAR_DLG_B_1500_4_20_0.01_10_0.25,0.9089343494602073,0.898659511326717
BDT_VAR_DLG_B_1500_4_20_0.01_10_0.5,0.9088614036741213,0.898293898864859
BDT_VAR_DLG_B_1500_4_20_0.01_10_1,0.9087686267157022,0.89777567403901
BDT_VAR_DLG_B_1500_4_20_0.01_20_0.25,0.9033901560098736,0.8949725096089688
BDT_VAR_DLG_B_1500_4_20_0.01_20_0.5,0.9033354925280409,0.8949836764405112
BDT_VAR_DLG_B_1500_4_20_0.01_20_1,0.9027542964770673,0.8942173553484973
BDT_VAR_DLG_B_1500_4_20_0.05_1_0.25,0.9160133760562219,0.9004425366435466
BDT_VAR_DLG_B_1500_4_20_0.05_1_0.5,0.9160971782987057,0.9004253012228589
BDT_VAR_DLG_B_1500_4_20_0.05_1_1,0.9164356568775082,0.9004264063685171
BDT_VAR_DLG_B_1500_4_20_0.05_5_0.25,0.9133588931555146,0.9000779171453853
BDT_VAR_DLG_B_1500_4_20_0.05_5_0.5,0.9135060405156753,0.9005278613342529
BDT_VAR_DLG_B_1500_4_20_0.05_5_1,0.9138731226291749,0.9002879245804788
BDT_VAR_DLG_B_1500_4_20_0.05_10_0.25,0.9109636193216243,0.8990932150401054
BDT_VAR_DLG_B_1500_4_20_0.05_10_0.5,0.911204409771539,0.8991402603489529
BDT_VAR_DLG_B_1500_4_20_0.05_10_1,0.9115987983322602,0.8989135228371612
BDT_VAR_DLG_B_1500_4_20_0.05_20_0.25,0.9048996858285061,0.8958976104473704
BDT_VAR_DLG_B_1500_4_20_0.05_20_0.5,0.9050959838931886,0.8958431803672028
BDT_VAR_DLG_B_1500_4_20_0.05_20_1,0.9046464591142154,0.8952143343395286
BDT_VAR_DLG_B_1500_4_20_0.1_1_0.25,0.9177534785331175,0.8985499183261868
BDT_VAR_DLG_B_1500_4_20_0.1_1_0.5,0.9184257108698486,0.8984141585077424
BDT_VAR_DLG_B_1500_4_20_0.1_1_1,0.9190172240982709,0.9001064211340412
BDT_VAR_DLG_B_1500_4_20_0.1_5_0.25,0.9148111274137486,0.8993011303507155
BDT_VAR_DLG_B_1500_4_20_0.1_5_0.5,0.9149550447485523,0.8994256965366815
BDT_VAR_DLG_B_1500_4_20_0.1_5_1,0.9154001102050535,0.8998312653832865
BDT_VAR_DLG_B_1500_4_20_0.1_10_0.25,0.9119538718368403,0.8988752259855821
BDT_VAR_DLG_B_1500_4_20_0.1_10_0.5,0.912179244013191,0.8985981919468039
BDT_VAR_DLG_B_1500_4_20_0.1_10_1,0.9122993201600265,0.8989273944064593
BDT_VAR_DLG_B_1500_4_20_0.1_20_0.25,0.9056490296685197,0.8958818212643678
BDT_VAR_DLG_B_1500_4_20_0.1_20_0.5,0.905918927625559,0.8961118914209021
BDT_VAR_DLG_B_1500_4_20_0.1_20_1,0.9056616757212351,0.8962598557851622
BDT_VAR_DLG_B_1500_5_20_0.01_1_0.25,0.9134833236837913,0.9014099907013027
BDT_VAR_DLG_B_1500_5_20_0.01_1_0.5,0.9138203804578516,0.9014253072593393
BDT_VAR_DLG_B_1500_5_20_0.01_1_1,0.9140519781705205,0.9010481370616996
BDT_VAR_DLG_B_1500_5_20_0.01_5_0.25,0.9111330437658184,0.9000832377614352
BDT_VAR_DLG_B_1500_5_20_0.01_5_0.5,0.911173846426935,0.8998974325465782
BDT_VAR_DLG_B_1500_5_20_0.01_5_1,0.9113726927178508,0.8997208073201886
BDT_VAR_DLG_B_1500_5_20_0.01_10_0.25,0.9090231842461626,0.8986440533471756
BDT_VAR_DLG_B_1500_5_20_0.01_10_0.5,0.90900161729807,0.8982629867910968
BDT_VAR_DLG_B_1500_5_20_0.01_10_1,0.908964694452527,0.8978925862708611
BDT_VAR_DLG_B_1500_5_20_0.01_20_0.25,0.9033901560098736,0.8949725096089688
BDT_VAR_DLG_B_1500_5_20_0.01_20_0.5,0.9033354925280409,0.8949836764405112
BDT_VAR_DLG_B_1500_5_20_0.01_20_1,0.9027542964770673,0.8942173553484973
BDT_VAR_DLG_B_1500_5_20_0.05_1_0.25,0.9187209015996816,0.9003776987956318
BDT_VAR_DLG_B_1500_5_20_0.05_1_0.5,0.9191033379217449,0.8999859910463566
BDT_VAR_DLG_B_1500_5_20_0.05_1_1,0.9194685327451229,0.9007150190801302
BDT_VAR_DLG_B_1500_5_20_0.05_5_0.25,0.9141968710954033,0.900064104832553
BDT_VAR_DLG_B_1500_5_20_0.05_5_0.5,0.9144291436541547,0.9001625174797655
BDT_VAR_DLG_B_1500_5_20_0.05_5_1,0.9148638947791093,0.9000822336923896
BDT_VAR_DLG_B_1500_5_20_0.05_10_0.25,0.911346150411936,0.8993061151213506
BDT_VAR_DLG_B_1500_5_20_0.05_10_0.5,0.9114609499655658,0.8991561685881522
BDT_VAR_DLG_B_1500_5_20_0.05_10_1,0.911670060462244,0.8989117438596589
BDT_VAR_DLG_B_1500_5_20_0.05_20_0.25,0.9048996858285061,0.8958976104473704
BDT_VAR_DLG_B_1500_5_20_0.05_20_0.5,0.9050959838931886,0.8958431803672028
BDT_VAR_DLG_B_1500_5_20_0.05_20_1,0.9046464591142154,0.8952143343395286
BDT_VAR_DLG_B_1500_5_20_0.1_1_0.25,0.921764662145155,0.8972633699790705
BDT_VAR_DLG_B_1500_5_20_0.1_1_0.5,0.9229250307509678,0.8978189579340063
BDT_VAR_DLG_B_1500_5_20_0.1_1_1,0.9235013734030496,0.8989109986412713
BDT_VAR_DLG_B_1500_5_20_0.1_5_0.25,0.9159733710712343,0.8995273180709696
BDT_VAR_DLG_B_1500_5_20_0.1_5_0.5,0.9161290087633596,0.898839729509966
BDT_VAR_DLG_B_1500_5_20_0.1_5_1,0.9165218082579288,0.8998035582074894
BDT_VAR_DLG_B_1500_5_20_0.1_10_0.25,0.9122728627750792,0.898379522419688
BDT_VAR_DLG_B_1500_5_20_0.1_10_0.5,0.9126140093023364,0.8982068821141
BDT_VAR_DLG_B_1500_5_20_0.1_10_1,0.9125260663660688,0.8984472749214852
BDT_VAR_DLG_B_1500_5_20_0.1_20_0.25,0.9056490296685197,0.8958818212643678
BDT_VAR_DLG_B_1500_5_20_0.1_20_0.5,0.905918927625559,0.8961118914209021
BDT_VAR_DLG_B_1500_5_20_0.1_20_1,0.9056616757212351,0.8962598557851622
BDT_VAR_DLG_B_1500_6_20_0.01_1_0.25,0.9147618802802236,0.9013731386555072
BDT_VAR_DLG_B_1500_6_20_0.01_1_0.5,0.9149959483105272,0.9013091318360891
BDT_VAR_DLG_B_1500_6_20_0.01_1_1,0.9153400484650834,0.9012506068206433
BDT_VAR_DLG_B_1500_6_20_0.01_5_0.25,0.9113807935202234,0.9000688357252433
BDT_VAR_DLG_B_1500_6_20_0.01_5_0.5,0.911367996366785,0.89983158277911
BDT_VAR_DLG_B_1500_6_20_0.01_5_1,0.9116427760230336,0.8996859435900183
BDT_VAR_DLG_B_1500_6_20_0.01_10_0.25,0.9089857868976405,0.8986293283299528
BDT_VAR_DLG_B_1500_6_20_0.01_10_0.5,0.90899313301358,0.898196835689712
BDT_VAR_DLG_B_1500_6_20_0.01_10_1,0.9090028570663734,0.8979054702717013
BDT_VAR_DLG_B_1500_6_20_0.01_20_0.25,0.9033901560098736,0.8949725096089688
BDT_VAR_DLG_B_1500_6_20_0.01_20_0.5,0.9033354925280409,0.8949836764405112
BDT_VAR_DLG_B_1500_6_20_0.01_20_1,0.9027542964770673,0.8942173553484973
BDT_VAR_DLG_B_1500_6_20_0.05_1_0.25,0.922212778345268,0.8994797340403995
BDT_VAR_DLG_B_1500_6_20_0.05_1_0.5,0.9226242159256888,0.8997239250329604
BDT_VAR_DLG_B_1500_6_20_0.05_1_1,0.9226607517698026,0.9002232209449665
BDT_VAR_DLG_B_1500_6_20_0.05_5_0.25,0.9148029809188812,0.8999572659462375
BDT_VAR_DLG_B_1500_6_20_0.05_5_0.5,0.9150127361763484,0.8998879422843652
BDT_VAR_DLG_B_1500_6_20_0.05_5_1,0.9155241537467748,0.8996620400751283
BDT_VAR_DLG_B_1500_6_20_0.05_10_0.25,0.9113407267132458,0.8992253786693714
BDT_VAR_DLG_B_1500_6_20_0.05_10_0.5,0.911431474201655,0.8992416662435241
BDT_VAR_DLG_B_1500_6_20_0.05_10_1,0.9117565048006356,0.8986314470360239
BDT_VAR_DLG_B_1500_6_20_0.05_20_0.25,0.9048996858285061,0.8958976104473704
BDT_VAR_DLG_B_1500_6_20_0.05_20_0.5,0.9050959838931886,0.8958431803672028
BDT_VAR_DLG_B_1500_6_20_0.05_20_1,0.9046464591142154,0.8952143343395286
BDT_VAR_DLG_B_1500_6_20_0.1_1_0.25,0.9267676454611568,0.896576712733333
BDT_VAR_DLG_B_1500_6_20_0.1_1_0.5,0.9283250959734524,0.8976975273300443
BDT_VAR_DLG_B_1500_6_20_0.1_1_1,0.9287625545862924,0.8985338457202118
BDT_VAR_DLG_B_1500_6_20_0.1_5_0.25,0.9168209523049484,0.8982714386423019
BDT_VAR_DLG_B_1500_6_20_0.1_5_0.5,0.9171458156304145,0.8986216049617795
BDT_VAR_DLG_B_1500_6_20_0.1_5_1,0.9175022815242173,0.9001832423239736
BDT_VAR_DLG_B_1500_6_20_0.1_10_0.25,0.9122181026908747,0.8989306501695679
BDT_VAR_DLG_B_1500_6_20_0.1_10_0.5,0.9126106374823617,0.8983602921417754
BDT_VAR_DLG_B_1500_6_20_0.1_10_1,0.9127698924432802,0.8985980555217082
BDT_VAR_DLG_B_1500_6_20_0.1_20_0.25,0.9056490296685197,0.8958818212643678
BDT_VAR_DLG_B_1500_6_20_0.1_20_0.5,0.905918927625559,0.8961118914209021
BDT_VAR_DLG_B_1500_6_20_0.1_20_1,0.9056616757212351,0.8962598557851622
BDT_VAR_DLG_B_2000_3_20_0.01_1_0.25,0.9113345782040035,0.9009334658545907
BDT_VAR_DLG_B_2000_3_20_0.01_1_0.5,0.9113224040750973,0.9005974053519226
BDT_VAR_DLG_B_2000_3_20_0.01_1_1,0.9113377484410844,0.9003601477664005
BDT_VAR_DLG_B_2000_3_20_0.01_5_0.25,0.9104182351235712,0.9001538331692297
BDT_VAR_DLG_B_2000_3_20_0.01_5_0.5,0.9103563145436743,0.8999075555852759
BDT_VAR_DLG_B_2000_3_20_0.01_5_1,0.9104314508492081,0.8995644564821383
BDT_VAR_DLG_B_2000_3_20_0.01_10_0.25,0.9090959019992079,0.8990166809405415
BDT_VAR_DLG_B_2000_3_20_0.01_10_0.5,0.9089651845616152,0.8987680140741621
BDT_VAR_DLG_B_2000_3_20_0.01_10_1,0.9088805243480693,0.897950682571088
BDT_VAR_DLG_B_2000_3_20_0.01_20_0.25,0.9037161595831886,0.8951339111717895
BDT_VAR_DLG_B_2000_3_20_0.01_20_0.5,0.9036037154628548,0.8951132684401071
BDT_VAR_DLG_B_2000_3_20_0.01_20_1,0.9031690153571771,0.8944567209884801
BDT_VAR_DLG_B_2000_3_20_0.05_1_0.25,0.914099637322894,0.9010030713208841
BDT_VAR_DLG_B_2000_3_20_0.05_1_0.5,0.9143985171547006,0.9008223489391375
BDT_VAR_DLG_B_2000_3_20_0.05_1_1,0.9145415347939418,0.9001650119465356
BDT_VAR_DLG_B_2000_3_20_0.05_5_0.25,0.9127041926527506,0.9002590507450078
BDT_VAR_DLG_B_2000_3_20_0.05_5_0.5,0.9128594446131209,0.9002694579628173
BDT_VAR_DLG_B_2000_3_20_0.05_5_1,0.9130950806763295,0.9001947939266081
BDT_VAR_DLG_B_2000_3_20_0.05_10_0.25,0.9110459228255545,0.89981367721536
BDT_VAR_DLG_B_2000_3_20_0.05_10_0.5,0.9110435579382765,0.8993895071884863
BDT_VAR_DLG_B_2000_3_20_0.05_10_1,0.9113619707613176,0.8990916607318918
BDT_VAR_DLG_B_2000_3_20_0.05_20_0.25,0.905295931429932,0.8961569282191405
BDT_VAR_DLG_B_2000_3_20_0.05_20_0.5,0.9055265302819717,0.8962470551043599
BDT_VAR_DLG_B_2000_3_20_0.05_20_1,0.9050621834859254,0.8954975031822946
BDT_VAR_DLG_B_2000_3_20_0.1_1_0.25,0.9153497631776082,0.900076516232283
BDT_VAR_DLG_B_2000_3_20_0.1_1_0.5,0.9159437455526717,0.9003054731299022
BDT_VAR_DLG_B_2000_3_20_0.1_1_1,0.9161842732536016,0.8999180090645806
BDT_VAR_DLG_B_2000_3_20_0.1_5_0.25,0.913832732788871,0.8993352266128941
BDT_VAR_DLG_B_2000_3_20_0.1_5_0.5,0.9138497629385843,0.8998232186189656
BDT_VAR_DLG_B_2000_3_20_0.1_5_1,0.9141888987318214,0.8994212944886447
BDT_VAR_DLG_B_2000_3_20_0.1_10_0.25,0.9118054228370511,0.8992616981028061
BDT_VAR_DLG_B_2000_3_20_0.1_10_0.5,0.911818313732962,0.8994381851164693
BDT_VAR_DLG_B_2000_3_20_0.1_10_1,0.9121965400352561,0.899050746056668
BDT_VAR_DLG_B_2000_3_20_0.1_20_0.25,0.9061997513015568,0.8963348462565263
BDT_VAR_DLG_B_2000_3_20_0.1_20_0.5,0.9064874235890193,0.8966665733279989
BDT_VAR_DLG_B_2000_3_20_0.1_20_1,0.9061248550196256,0.89663562733348
BDT_VAR_DLG_B_2000_4_20_0.01_1_0.25,0.9128062844027497,0.9013992920144765
BDT_VAR_DLG_B_2000_4_20_0.01_1_0.5,0.913061926709525,0.9011944599749983
BDT_VAR_DLG_B_2000_4_20_0.01_1_1,0.9132236496002042,0.900882968049912
BDT_VAR_DLG_B_2000_4_20_0.01_5_0.25,0.9112149069344013,0.9002031035381486
BDT_VAR_DLG_B_2000_4_20_0.01_5_0.5,0.9112683870290842,0.9002043970661865
BDT_VAR_DLG_B_2000_4_20_0.01_5_1,0.9114294932212819,0.8999027885949684
BDT_VAR_DLG_B_2000_4_20_0.01_10_0.25,0.9094233828198989,0.8989121960486446
BDT_VAR_DLG_B_2000_4_20_0.01_10_0.5,0.9094074891996051,0.8985600164182761
BDT_VAR_DLG_B_2000_4_20_0.01_10_1,0.9093778375923859,0.8981215117399796
BDT_VAR_DLG_B_2000_4_20_0.01_20_0.25,0.9037161595831886,0.8951339111717895
BDT_VAR_DLG_B_2000_4_20_0.01_20_0.5,0.9036037154628548,0.8951132684401071
BDT_VAR_DLG_B_2000_4_20_0.01_20_1,0.9031690153571771,0.8944567209884801
BDT_VAR_DLG_B_2000_4_20_0.05_1_0.25,0.9171575315229556,0.9002037532205784
BDT_VAR_DLG_B_2000_4_20_0.05_1_0.5,0.9173326014171573,0.9004929779211188
BDT_VAR_DLG_B_2000_4_20_0.05_1_1,0.9175725264699461,0.9001201592074717
BDT_VAR_DLG_B_2000_4_20_0.05_5_0.25,0.9141412342990954,0.8998195466926812
BDT_VAR_DLG_B_2000_4_20_0.05_5_0.5,0.9142891791265457,0.9006557809802295
BDT_VAR_DLG_B_2000_4_20_0.05_5_1,0.9145807245014227,0.9002888744337221
BDT_VAR_DLG_B_2000_4_20_0.05_10_0.25,0.9115987815124311,0.8994666811132924
BDT_VAR_DLG_B_2000_4_20_0.05_10_0.5,0.9116332927976055,0.8993690854269762
BDT_VAR_DLG_B_2000_4_20_0.05_10_1,0.9121133694518784,0.8991252073637375
BDT_VAR_DLG_B_2000_4_20_0.05_20_0.25,0.905295931429932,0.8961569282191405
BDT_VAR_DLG_B_2000_4_20_0.05_20_0.5,0.9055265302819717,0.8962470551043599
BDT_VAR_DLG_B_2000_4_20_0.05_20_1,0.9050621834859254,0.8954975031822946
BDT_VAR_DLG_B_2000_4_20_0.1_1_0.25,0.9194671951367123,0.8982052520292485
BDT_VAR_DLG_B_2000_4_20_0.1_1_0.5,0.9202985380285422,0.898677236532648
BDT_VAR_DLG_B_2000_4_20_0.1_1_1,0.9206549957767911,0.8992300524345253
BDT_VAR_DLG_B_2000_4_20_0.1_5_0.25,0.9158290560916291,0.8990742143691366
BDT_VAR_DLG_B_2000_4_20_0.1_5_0.5,0.9159198036610029,0.8992861361725054
BDT_VAR_DLG_B_2000_4_20_0.1_5_1,0.916240422917387,0.8995294233205218
BDT_VAR_DLG_B_2000_4_20_0.1_10_0.25,0.9126036672867386,0.898892287449469
BDT_VAR_DLG_B_2000_4_20_0.1_10_0.5,0.9127347262183083,0.8987645588771207
BDT_VAR_DLG_B_2000_4_20_0.1_10_1,0.9129375590987545,0.8989191214410304
BDT_VAR_DLG_B_2000_4_20_0.1_20_0.25,0.9061997513015568,0.8963348462565263
BDT_VAR_DLG_B_2000_4_20_0.1_20_0.5,0.9064874235890193,0.8966665733279989
BDT_VAR_DLG_B_2000_4_20_0.1_20_1,0.9061248550196256,0.89663562733348
BDT_VAR_DLG_B_2000_5_20_0.01_1_0.25,0.9141632927333319,0.9014431819339332
BDT_VAR_DLG_B_2000_5_20_0.01_1_0.5,0.914511844141884,0.9014182244490803
BDT_VAR_DLG_B_2000_5_20_0.01_1_1,0.9148268151402995,0.9011614166818445
BDT_VAR_DLG_B_2000_5_20_0.01_5_0.25,0.9117358896126462,0.9004202908339259
BDT_VAR_DLG_B_2000_5_20_0.01_5_0.5,0.9117438608749515,0.9001313459255692
BDT_VAR_DLG_B_2000_5_20_0.01_5_1,0.9119505808953453,0.9000248489674604
BDT_VAR_DLG_B_2000_5_20_0.01_10_0.25,0.909534513405701,0.8989410301558951
BDT_VAR_DLG_B_2000_5_20_0.01_10_0.5,0.9095640551477573,0.8985237513186011
BDT_VAR_DLG_B_2000_5_20_0.01_10_1,0.9095821434601308,0.8982437383216425
BDT_VAR_DLG_B_2000_5_20_0.01_20_0.25,0.9037161595831886,0.8951339111717895
BDT_VAR_DLG_B_2000_5_20_0.01_20_0.5,0.9036037154628548,0.8951132684401071
BDT_VAR_DLG_B_2000_5_20_0.01_20_1,0.9031690153571771,0.8944567209884801
BDT_VAR_DLG_B_2000_5_20_0.05_1_0.25,0.920495459251714,0.8997625072154409
BDT_VAR_DLG_B_2000_5_20_0.05_1_0.5,0.9208665155309362,0.899690667346638
BDT_VAR_DLG_B_2000_5_20_0.05_1_1,0.9212304166093376,0.9004519900802758
BDT_VAR_DLG_B_2000_5_20_0.05_5_0.25,0.9152580913489077,0.900026136056956
BDT_VAR_DLG_B_2000_5_20_0.05_5_0.5,0.9153614185621862,0.9000151779532999
BDT_VAR_DLG_B_2000_5_20_0.05_5_1,0.9157558388851386,0.8999887217441425
BDT_VAR_DLG_B_2000_5_20_0.05_10_0.25,0.9119650416763325,0.8996514044028203
BDT_VAR_DLG_B_2000_5_20_0.05_10_0.5,0.9119036766233986,0.8992062275586874
BDT_VAR_DLG_B_2000_5_20_0.05_10_1,0.9122606693074361,0.8991017105424276
BDT_VAR_DLG_B_2000_5_20_0.05_20_0.25,0.905295931429932,0.8961569282191405
BDT_VAR_DLG_B_2000_5_20_0.05_20_0.5,0.9055265302819717,0.8962470551043599
BDT_VAR_DLG_B_2000_5_20_0.05_20_1,0.9050621834859254,0.8954975031822946
BDT_VAR_DLG_B_2000_5_20_0.1_1_0.25,0.9244973330046162,0.8961137158729188
BDT_VAR_DLG_B_2000_5_20_0.1_1_0.5,0.9256949247970135,0.8975490431105292
BDT_VAR_DLG_B_2000_5_20_0.1_1_1,0.9263716797802254,0.8987112235799324
BDT_VAR_DLG_B_2000_5_20_0.1_5_0.25,0.9172299539774701,0.8985429368594776
BDT_VAR_DLG_B_2000_5_20_0.1_5_0.5,0.9174983928463037,0.8988088340999578
BDT_VAR_DLG_B_2000_5_20_0.1_5_1,0.917743146607724,0.8992712468655795
BDT_VAR_DLG_B_2000_5_20_0.1_10_0.25,0.9129895737453325,0.8985400183006799
BDT_VAR_DLG_B_2000_5_20_0.1_10_0.5,0.913289060012662,0.8985078947154486
BDT_VAR_DLG_B_2000_5_20_0.1_10_1,0.913194910234624,0.898563501419401
BDT_VAR_DLG_B_2000_5_20_0.1_20_0.25,0.9061997513015568,0.8963348462565263
BDT_VAR_DLG_B_2000_5_20_0.1_20_0.5,0.9064874235890193,0.8966665733279989
BDT_VAR_DLG_B_2000_5_20_0.1_20_1,0.9061248550196256,0.89663562733348
BDT_VAR_DLG_B_2000_6_20_0.01_1_0.25,0.9157484329962217,0.901472816368261
BDT_VAR_DLG_B_2000_6_20_0.01_1_0.5,0.9158984662891478,0.9013106875956105
BDT_VAR_DLG_B_2000_6_20_0.01_1_1,0.9163003574129196,0.9013191250827464
BDT_VAR_DLG_B_2000_6_20_0.01_5_0.25,0.9120216430574212,0.9004083301218408
BDT_VAR_DLG_B_2000_6_20_0.01_5_0.5,0.9119827917326856,0.9000459352629762
BDT_VAR_DLG_B_2000_6_20_0.01_5_1,0.9122156996680746,0.8999506239509855
BDT_VAR_DLG_B_2000_6_20_0.01_10_0.25,0.909527393575393,0.8989327887672595
BDT_VAR_DLG_B_2000_6_20_0.01_10_0.5,0.9095409264620646,0.898468431785041
BDT_VAR_DLG_B_2000_6_20_0.01_10_1,0.9096091436569662,0.898283061252536
BDT_VAR_DLG_B_2000_6_20_0.01_20_0.25,0.9037161595831886,0.8951339111717895
BDT_VAR_DLG_B_2000_6_20_0.01_20_0.5,0.9036037154628548,0.8951132684401071
BDT_VAR_DLG_B_2000_6_20_0.01_20_1,0.9031690153571771,0.8944567209884801
BDT_VAR_DLG_B_2000_6_20_0.05_1_0.25,0.9247691185103216,0.8992167228255925
BDT_VAR_DLG_B_2000_6_20_0.05_1_0.5,0.9251366505209929,0.8995728893765133
BDT_VAR_DLG_B_2000_6_20_0.05_1_1,0.9252326966342285,0.8997852060011485
BDT_VAR_DLG_B_2000_6_20_0.05_5_0.25,0.9159613090518458,0.8996575430190394
BDT_VAR_DLG_B_2000_6_20_0.05_5_0.5,0.9160669028482383,0.8999876533315015
BDT_VAR_DLG_B_2000_6_20_0.05_5_1,0.9164936374229272,0.8994738957780033
BDT_VAR_DLG_B_2000_6_20_0.05_10_0.25,0.9119352615885002,0.8995980704116734
BDT_VAR_DLG_B_2000_6_20_0.05_10_0.5,0.9119039812642877,0.8994286905448441
BDT_VAR_DLG_B_2000_6_20_0.05_10_1,0.9122876046537689,0.8988459587684327
BDT_VAR_DLG_B_2000_6_20_0.05_20_0.25,0.905295931429932,0.8961569282191405
BDT_VAR_DLG_B_2000_6_20_0.05_20_0.5,0.9055265302819717,0.8962470551043599
BDT_VAR_DLG_B_2000_6_20_0.05_20_1,0.9050621834859254,0.8954975031822946
BDT_VAR_DLG_B_2000_6_20_0.1_1_0.25,0.9303880874545779,0.8954089932617931
BDT_VAR_DLG_B_2000_6_20_0.1_1_0.5,0.9322687586131234,0.8971928259626463
BDT_VAR_DLG_B_2000_6_20_0.1_1_1,0.9326802492112026,0.8977760284023386
BDT_VAR_DLG_B_2000_6_20_0.1_5_0.25,0.9183913499373905,0.897870674649023
BDT_VAR_DLG_B_2000_6_20_0.1_5_0.5,0.9186735026337862,0.8985044986635077
BDT_VAR_DLG_B_2000_6_20_0.1_5_1,0.9190282891178553,0.9000009056651335
BDT_VAR_DLG_B_2000_6_20_0.1_10_0.25,0.9129736017492076,0.8990696586777743
BDT_VAR_DLG_B_2000_6_20_0.1_10_0.5,0.9132108409439812,0.8985434635553655
BDT_VAR_DLG_B_2000_6_20_0.1_10_1,0.9133325549768443,0.8985428227282551
BDT_VAR_DLG_B_2000_6_20_0.1_20_0.25,0.9061997513015568,0.8963348462565263
BDT_VAR_DLG_B_2000_6_20_0.1_20_0.5,0.9064874235890193,0.8966665733279989
BDT_VAR_DLG_B_2000_6_20_0.1_20_1,0.9061248550196256,0.89663562733348
