BDT_VAR_DLG_B_1000_3_20_0.01_1_0.25,0.9078496272610371,0.8994887283779396
BDT_VAR_DLG_B_1000_3_20_0.01_1_0.5,0.9078599086615701,0.8995769235785305
BDT_VAR_DLG_B_1000_3_20_0.01_1_1,0.908053392577204,0.8994468894716298
BDT_VAR_DLG_B_1000_3_20_0.01_5_0.25,0.9065884902602834,0.8983994903385832
BDT_VAR_DLG_B_1000_3_20_0.01_5_0.5,0.9065673307519185,0.8985327313079261
BDT_VAR_DLG_B_1000_3_20_0.01_5_1,0.906522239506111,0.8983112697562509
BDT_VAR_DLG_B_1000_3_20_0.01_10_0.25,0.9050203679450767,0.8969466518918142
BDT_VAR_DLG_B_1000_3_20_0.01_10_0.5,0.9048380553783405,0.8963927222641398
BDT_VAR_DLG_B_1000_3_20_0.01_10_1,0.9047272741528907,0.8961199423996163
BDT_VAR_DLG_B_1000_3_20_0.01_20_0.25,0.8997473173752871,0.8932309137442738
BDT_VAR_DLG_B_1000_3_20_0.01_20_0.5,0.8994577600484314,0.8925177384982622
BDT_VAR_DLG_B_1000_3_20_0.01_20_1,0.8993466329743478,0.8922887552723187
BDT_VAR_DLG_B_1000_3_20_0.05_1_0.25,0.9110305322397684,0.9005382087876028
BDT_VAR_DLG_B_1000_3_20_0.05_1_0.5,0.9110739852359927,0.9001330201063601
BDT_VAR_DLG_B_1000_3_20_0.05_1_1,0.9111113324431842,0.9006060653468191
BDT_VAR_DLG_B_1000_3_20_0.05_5_0.25,0.9092053611292206,0.8995598420726904
BDT_VAR_DLG_B_1000_3_20_0.05_5_0.5,0.9093101009887588,0.9003399061236026
BDT_VAR_DLG_B_1000_3_20_0.05_5_1,0.9093135555418007,0.9001245331260727
BDT_VAR_DLG_B_1000_3_20_0.05_10_0.25,0.9077236792342732,0.8982548223128858
BDT_VAR_DLG_B_1000_3_20_0.05_10_0.5,0.9075246859004643,0.8982554995862779
BDT_VAR_DLG_B_1000_3_20_0.05_10_1,0.9074310253030962,0.8983527145422063
BDT_VAR_DLG_B_1000_3_20_0.05_20_0.25,0.9020210458065199,0.894995744444074
BDT_VAR_DLG_B_1000_3_20_0.05_20_0.5,0.9017805467098433,0.894640322149993
BDT_VAR_DLG_B_1000_3_20_0.05_20_1,0.9015160230039742,0.8941881961279211
BDT_VAR_DLG_B_1000_3_20_0.1_1_0.25,0.9123393018569639,0.8989440749948577
BDT_VAR_DLG_B_1000_3_20_0.1_1_0.5,0.9128063288313099,0.8990776436757553
BDT_VAR_DLG_B_1000_3_20_0.1_1_1,0.9132043751500439,0.8999842864706022
BDT_VAR_DLG_B_1000_3_20_0.1_5_0.25,0.9104264254185557,0.8994300570481691
BDT_VAR_DLG_B_1000_3_20_0.1_5_0.5,0.9104332762877885,0.8996266618002373
BDT_VAR_DLG_B_1000_3_20_0.1_5_1,0.9106010459546583,0.8992985416151513
BDT_VAR_DLG_B_1000_3_20_0.1_10_0.25,0.9083990436754749,0.8976826569637294
BDT_VAR_DLG_B_1000_3_20_0.1_10_0.5,0.9087085423239535,0.8984656847787615
BDT_VAR_DLG_B_1000_3_20_0.1_10_1,0.9086519347945023,0.8981237200907871
BDT_VAR_DLG_B_1000_3_20_0.1_20_0.25,0.9029817840002669,0.8953168531309915
BDT_VAR_DLG_B_1000_3_20_0.1_20_0.5,0.9027069619814718,0.8949601373244801
BDT_VAR_DLG_B_1000_3_20_0.1_20_1,0.9026068681800995,0.8951985709629509
BDT_VAR_DLG_B_1000_4_20_0.01_1_0.25,0.9095517356043794,0.9001177468785541
BDT_VAR_DLG_B_1000_4_20_0.01_1_0.5,0.9094987743449852,0.9000461741635376
BDT_VAR_DLG_B_1000_4_20_0.01_1_1,0.9097086814390752,0.8999406926367052
BDT_VAR_DLG_B_1000_4_20_0.01_5_0.25,0.9073651838412624,0.898852715531697
BDT_VAR_DLG_B_1000_4_20_0.01_5_0.5,0.9072314749084099,0.8986855953509394
BDT_VAR_DLG_B_1000_4_20_0.01_5_1,0.9072055230157953,0.8986646950533068
BDT_VAR_DLG_B_1000_4_20_0.01_10_0.25,0.905219599045846,0.8968803900944837
BDT_VAR_DLG_B_1000_4_20_0.01_10_0.5,0.9051517954041505,0.8964025585728432
BDT_VAR_DLG_B_1000_4_20_0.01_10_1,0.9051807499849616,0.8964261878473353
BDT_VAR_DLG_B_1000_4_20_0.01_20_0.25,0.8997473173752871,0.8932309137442738
BDT_VAR_DLG_B_1000_4_20_0.01_20_0.5,0.8994577600484314,0.8925177384982622
BDT_VAR_DLG_B_1000_4_20_0.01_20_1,0.8993466329743478,0.8922887552723187
BDT_VAR_DLG_B_1000_4_20_0.05_1_0.25,0.9144924164816002,0.9000588383145973
BDT_VAR_DLG_B_1000_4_20_0.05_1_0.5,0.9144702024722472,0.8993454324463184
BDT_VAR_DLG_B_1000_4_20_0.05_1_1,0.9147922076918543,0.8997613443535255
BDT_VAR_DLG_B_1000_4_20_0.05_5_0.25,0.910654220501532,0.8994258055001356
BDT_VAR_DLG_B_1000_4_20_0.05_5_0.5,0.9107040827438725,0.8996104271461958
BDT_VAR_DLG_B_1000_4_20_0.05_5_1,0.9108476068806969,0.9001702167760972
BDT_VAR_DLG_B_1000_4_20_0.05_10_0.25,0.9084265602008333,0.8982583484979505
BDT_VAR_DLG_B_1000_4_20_0.05_10_0.5,0.9081358487765314,0.8981912104883599
BDT_VAR_DLG_B_1000_4_20_0.05_10_1,0.9082035372232956,0.898217488022622
BDT_VAR_DLG_B_1000_4_20_0.05_20_0.25,0.9020210458065199,0.894995744444074
BDT_VAR_DLG_B_1000_4_20_0.05_20_0.5,0.9017805467098433,0.894640322149993
BDT_VAR_DLG_B_1000_4_20_0.05_20_1,0.9015160230039742,0.8941881961279211
BDT_VAR_DLG_B_1000_4_20_0.1_1_0.25,0.9168747140558288,0.8972950037394778
BDT_VAR_DLG_B_1000_4_20_0.1_1_0.5,0.9181349078601696,0.8973267742497947
BDT_VAR_DLG_B_1000_4_20_0.1_1_1,0.9182912197191245,0.8988870521551954
BDT_VAR_DLG_B_1000_4_20_0.1_5_0.25,0.9125819294098974,0.8970313584184993
BDT_VAR_DLG_B_1000_4_20_0.1_5_0.5,0.9125833756112625,0.8988360414156724
BDT_VAR_DLG_B_1000_4_20_0.1_5_1,0.9129516082952023,0.8984311568227508
BDT_VAR_DLG_B_1000_4_20_0.1_10_0.25,0.9092923517509242,0.8971776339475173
BDT_VAR_DLG_B_1000_4_20_0.1_10_0.5,0.9094774822706602,0.8972387289780565
BDT_VAR_DLG_B_1000_4_20_0.1_10_1,0.9094485611986762,0.8980269410979893
BDT_VAR_DLG_B_1000_4_20_0.1_20_0.25,0.9029817840002669,0.8953168531309915
BDT_VAR_DLG_B_1000_4_20_0.1_20_0.5,0.9027069619814718,0.8949601373244801
BDT_VAR_DLG_B_1000_4_20_0.1_20_1,0.9026068681800995,0.8951985709629509
BDT_VAR_DLG_B_1000_5_20_0.01_1_0.25,0.9112750283469642,0.9007055474755494
BDT_VAR_DLG_B_1000_5_20_0.01_1_0.5,0.9112888388425315,0.900267915689697
BDT_VAR_DLG_B_1000_5_20_0.01_1_1,0.9112838687286074,0.9001087967547063
BDT_VAR_DLG_B_1000_5_20_0.01_5_0.25,0.9078177389501189,0.8990910467684469
BDT_VAR_DLG_B_1000_5_20_0.01_5_0.5,0.907599220172894,0.8987858504444202
BDT_VAR_DLG_B_1000_5_20_0.01_5_1,0.907440866576612,0.8988185671920506
BDT_VAR_DLG_B_1000_5_20_0.01_10_0.25,0.9053341596377951,0.8969093389647079
BDT_VAR_DLG_B_1000_5_20_0.01_10_0.5,0.9051645352613054,0.8964164900555603
BDT_VAR_DLG_B_1000_5_20_0.01_10_1,0.9052687571374469,0.8962623867918373
BDT_VAR_DLG_B_1000_5_20_0.01_20_0.25,0.8997473173752871,0.8932309137442738
BDT_VAR_DLG_B_1000_5_20_0.01_20_0.5,0.8994577600484314,0.8925177384982622
BDT_VAR_DLG_B_1000_5_20_0.01_20_1,0.8993466329743478,0.8922887552723187
BDT_VAR_DLG_B_1000_5_20_0.05_1_0.25,0.918648946186567,0.8991529795518582
BDT_VAR_DLG_B_1000_5_20_0.05_1_0.5,0.9187840246274463,0.898653001437702
BDT_VAR_DLG_B_1000_5_20_0.05_1_1,0.9191543058851216,0.8991502501228026
BDT_VAR_DLG_B_1000_5_20_0.05_5_0.25,0.9118182234810607,0.898504610841896
BDT_VAR_DLG_B_1000_5_20_0.05_5_0.5,0.9118053990839937,0.8989832127575367
BDT_VAR_DLG_B_1000_5_20_0.05_5_1,0.9120944845321115,0.8990599762688972
BDT_VAR_DLG_B_1000_5_20_0.05_10_0.25,0.9087688590916498,0.8979178230300281
BDT_VAR_DLG_B_1000_5_20_0.05_10_0.5,0.9083650704877623,0.8980704063426631
BDT_VAR_DLG_B_1000_5_20_0.05_10_1,0.9084850794854459,0.8982249048042885
BDT_VAR_DLG_B_1000_5_20_0.05_20_0.25,0.9020210458065199,0.894995744444074
BDT_VAR_DLG_B_1000_5_20_0.05_20_0.5,0.9017805467098433,0.894640322149993
BDT_VAR_DLG_B_1000_5_20_0.05_20_1,0.9015160230039742,0.8941881961279211
BDT_VAR_DLG_B_1000_5_20_0.1_1_0.25,0.9229341523744516,0.8937047035929546
BDT_VAR_DLG_B_1000_5_20_0.1_1_0.5,0.9241637780970766,0.8945933597870174
BDT_VAR_DLG_B_1000_5_20_0.1_1_1,0.9247250473715232,0.8966192340166652
BDT_VAR_DLG_B_1000_5_20_0.1_5_0.25,0.9142490585435721,0.8959760478942655
BDT_VAR_DLG_B_1000_5_20_0.1_5_0.5,0.9144201013633009,0.8973323080893504
BDT_VAR_DLG_B_1000_5_20_0.1_5_1,0.9149419056032911,0.8977515374050973
BDT_VAR_DLG_B_1000_5_20_0.1_10_0.25,0.9095257190592535,0.8967315759546581
BDT_VAR_DLG_B_1000_5_20_0.1_10_0.5,0.9098108688748411,0.8968976337607971
BDT_VAR_DLG_B_1000_5_20_0.1_10_1,0.9098112755504008,0.8971145938615173
BDT_VAR_DLG_B_1000_5_20_0.1_20_0.25,0.9029817840002669,0.8953168531309915
BDT_VAR_DLG_B_1000_5_20_0.1_20_0.5,0.9027069619814718,0.8949601373244801
BDT_VAR_DLG_B_1000_5_20_0.1_20_1,0.9026068681800995,0.8951985709629509
BDT_VAR_DLG_B_1000_6_20_0.01_1_0.25,0.9128482224324534,0.900960510797259
BDT_VAR_DLG_B_1000_6_20_0.01_1_0.5,0.9128956053812047,0.9003819279576821
BDT_VAR_DLG_B_1000_6_20_0.01_1_1,0.9130495453497789,0.9003183038633403
BDT_VAR_DLG_B_1000_6_20_0.01_5_0.25,0.9080946465512564,0.8990443007929114
BDT_VAR_DLG_B_1000_6_20_0.01_5_0.5,0.9078456820852139,0.8987070516974086
BDT_VAR_DLG_B_1000_6_20_0.01_5_1,0.9077528402987421,0.8987087635433891
BDT_VAR_DLG_B_1000_6_20_0.01_10_0.25,0.9053348610667866,0.8969075667104576
BDT_VAR_DLG_B_1000_6_20_0.01_10_0.5,0.9052026135285398,0.8963367976010224
BDT_VAR_DLG_B_1000_6_20_0.01_10_1,0.9052591693514097,0.8962272092498734
BDT_VAR_DLG_B_1000_6_20_0.01_20_0.25,0.8997473173752871,0.8932309137442738
BDT_VAR_DLG_B_1000_6_20_0.01_20_0.5,0.8994577600484314,0.8925177384982622
BDT_VAR_DLG_B_1000_6_20_0.01_20_1,0.8993466329743478,0.8922887552723187
BDT_VAR_DLG_B_1000_6_20_0.05_1_0.25,0.9232487369315185,0.8974253550597291
BDT_VAR_DLG_B_1000_6_20_0.05_1_0.5,0.9233536244956119,0.8970868215633955
BDT_VAR_DLG_B_1000_6_20_0.05_1_1,0.9237251762106972,0.8976913598258364
BDT_VAR_DLG_B_1000_6_20_0.05_5_0.25,0.9128063486979257,0.8980417817917064
BDT_VAR_DLG_B_1000_6_20_0.05_5_0.5,0.912769214814625,0.8985825570020696
BDT_VAR_DLG_B_1000_6_20_0.05_5_1,0.9128346827426916,0.898756522443558
BDT_VAR_DLG_B_1000_6_20_0.05_10_0.25,0.9087245406623281,0.898113947896639
BDT_VAR_DLG_B_1000_6_20_0.05_10_0.5,0.9085562356703916,0.8980773232616437
BDT_VAR_DLG_B_1000_6_20_0.05_10_1,0.9085601880532851,0.8978518945251992
BDT_VAR_DLG_B_1000_6_20_0.05_20_0.25,0.9020210458065199,0.894995744444074
BDT_VAR_DLG_B_1000_6_20_0.05_20_0.5,0.9017805467098433,0.894640322149993
BDT_VAR_DLG_B_1000_6_20_0.05_20_1,0.9015160230039742,0.8941881961279211
BDT_VAR_DLG_B_1000_6_20_0.1_1_0.25,0.9291778876577802,0.8905437102091107
BDT_VAR_DLG_B_1000_6_20_0.1_1_0.5,0.9314927783838692,0.8924662830174221
BDT_VAR_DLG_B_1000_6_20_0.1_1_1,0.9317704427526817,0.8943083395692608
BDT_VAR_DLG_B_1000_6_20_0.1_5_0.25,0.9156620017557696,0.8954770543072499
BDT_VAR_DLG_B_1000_6_20_0.1_5_0.5,0.9158037813477978,0.8964344263714945
BDT_VAR_DLG_B_1000_6_20_0.1_5_1,0.9161225500869438,0.8967250116769794
BDT_VAR_DLG_B_1000_6_20_0.1_10_0.25,0.9097537218621068,0.8968844474796358
BDT_VAR_DLG_B_1000_6_20_0.1_10_0.5,0.9099175516017979,0.8968694234300635
BDT_VAR_DLG_B_1000_6_20_0.1_10_1,0.910051676373777,0.8975140051016438
BDT_VAR_DLG_B_1000_6_20_0.1_20_0.25,0.9029817840002669,0.8953168531309915
BDT_VAR_DLG_B_1000_6_20_0.1_20_0.5,0.9027069619814718,0.8949601373244801
BDT_VAR_DLG_B_1000_6_20_0.1_20_1,0.9026068681800995,0.8951985709629509
BDT_VAR_DLG_B_1250_3_20_0.01_1_0.25,0.9080973820969769,0.8995822585996096
BDT_VAR_DLG_B_1250_3_20_0.01_1_0.5,0.9081832762395803,0.8997247987150995
BDT_VAR_DLG_B_1250_3_20_0.01_1_1,0.908300206516394,0.8995561149456227
BDT_VAR_DLG_B_1250_3_20_0.01_5_0.25,0.9069208821608781,0.8987416070886446
BDT_VAR_DLG_B_1250_3_20_0.01_5_0.5,0.9069318555467757,0.8988406298386757
BDT_VAR_DLG_B_1250_3_20_0.01_5_1,0.9067849681157342,0.8985834777171705
BDT_VAR_DLG_B_1250_3_20_0.01_10_0.25,0.9053773633946925,0.8971953174696079
BDT_VAR_DLG_B_1250_3_20_0.01_10_0.5,0.9052639533956568,0.8966556943073105
BDT_VAR_DLG_B_1250_3_20_0.01_10_1,0.9051095075289064,0.8963806724855868
BDT_VAR_DLG_B_1250_3_20_0.01_20_0.25,0.900273336155972,0.8937742642114611
BDT_VAR_DLG_B_1250_3_20_0.01_20_0.5,0.8998232729837228,0.8929631666398528
BDT_VAR_DLG_B_1250_3_20_0.01_20_1,0.8998962386706876,0.8929516413131108
BDT_VAR_DLG_B_1250_3_20_0.05_1_0.25,0.91174085507161,0.9004695686604184
BDT_VAR_DLG_B_1250_3_20_0.05_1_0.5,0.9118055329622389,0.90038435927395
BDT_VAR_DLG_B_1250_3_20_0.05_1_1,0.911841058844972,0.9005590227920396
BDT_VAR_DLG_B_1250_3_20_0.05_5_0.25,0.9096155784827926,0.8997076703837389
BDT_VAR_DLG_B_1250_3_20_0.05_5_0.5,0.9100245630959884,0.9005944597382988
BDT_VAR_DLG_B_1250_3_20_0.05_5_1,0.9098558618234444,0.9003209833917915
BDT_VAR_DLG_B_1250_3_20_0.05_10_0.25,0.9080463516982423,0.8984147568776906
BDT_VAR_DLG_B_1250_3_20_0.05_10_0.5,0.9079133671645725,0.8984621854545596
BDT_VAR_DLG_B_1250_3_20_0.05_10_1,0.9078966714608864,0.8984675393335596
BDT_VAR_DLG_B_1250_3_20_0.05_20_0.25,0.9021861938987443,0.8950795083138069
BDT_VAR_DLG_B_1250_3_20_0.05_20_0.5,0.9022811985213262,0.8950087480537227
BDT_VAR_DLG_B_1250_3_20_0.05_20_1,0.9019248684118962,0.8943739431132726
BDT_VAR_DLG_B_1250_3_20_0.1_1_0.25,0.9133203317459019,0.8982823744584632
BDT_VAR_DLG_B_1250_3_20_0.1_1_0.5,0.9139083469699779,0.8989692076896886
BDT_VAR_DLG_B_1250_3_20_0.1_1_1,0.9141110750036436,0.8996374386722193
BDT_VAR_DLG_B_1250_3_20_0.1_5_0.25,0.9106497422957807,0.8988159865334475
BDT_VAR_DLG_B_1250_3_20_0.1_5_0.5,0.9112078856099851,0.8993988358411127
BDT_VAR_DLG_B_1250_3_20_0.1_5_1,0.9111678741921808,0.8991431788900949
BDT_VAR_DLG_B_1250_3_20_0.1_10_0.25,0.9084686632049758,0.8974344567448033
BDT_VAR_DLG_B_1250_3_20_0.1_10_0.5,0.9089603782704039,0.8981680165892612
BDT_VAR_DLG_B_1250_3_20_0.1_10_1,0.9089116393315744,0.897809469796186
BDT_VAR_DLG_B_1250_3_20_0.1_20_0.25,0.9032230198595468,0.895324825162587
BDT_VAR_DLG_B_1250_3_20_0.1_20_0.5,0.9032030407687045,0.8950592377149813
BDT_VAR_DLG_B_1250_3_20_0.1_20_1,0.902986555977485,0.8952976256142795
BDT_VAR_DLG_B_1250_4_20_0.01_1_0.25,0.9100020876776639,0.9002799084905666
BDT_VAR_DLG_B_1250_4_20_0.01_1_0.5,0.9099795075570858,0.9001881644920918
BDT_VAR_DLG_B_1250_4_20_0.01_1_1,0.9100798498053697,0.9000278721985687
BDT_VAR_DLG_B_1250_4_20_0.01_5_0.25,0.9078300232705883,0.8992608897065456
BDT_VAR_DLG_B_1250_4_20_0.01_5_0.5,0.907679056846799,0.8989807268167715
BDT_VAR_DLG_B_1250_4_20_0.01_5_1,0.9075480737241018,0.8988850818396551
BDT_VAR_DLG_B_1250_4_20_0.01_10_0.25,0.9056928181828339,0.8972207067973272
BDT_VAR_DLG_B_1250_4_20_0.01_10_0.5,0.9056315722201032,0.8966966861642873
BDT_VAR_DLG_B_1250_4_20_0.01_10_1,0.9055396818784942,0.8966175920200834
BDT_VAR_DLG_B_1250_4_20_0.01_20_0.25,0.900273336155972,0.8937742642114611
BDT_VAR_DLG_B_1250_4_20_0.01_20_0.5,0.8998232729837228,0.8929631666398528
BDT_VAR_DLG_B_1250_4_20_0.01_20_1,0.8998962386706876,0.8929516413131108
BDT_VAR_DLG_B_1250_4_20_0.05_1_0.25,0.9155567561346633,0.8996576070164084
BDT_VAR_DLG_B_1250_4_20_0.05_1_0.5,0.9158260980610647,0.8991863364053112
BDT_VAR_DLG_B_1250_4_20_0.05_1_1,0.9159525715629042,0.8992240298983051
BDT_VAR_DLG_B_1250_4_20_0.05_5_0.25,0.9112513138849294,0.8993457582426305
BDT_VAR_DLG_B_1250_4_20_0.05_5_0.5,0.9115571050939758,0.8994216980658982
BDT_VAR_DLG_B_1250_4_20_0.05_5_1,0.911528553290667,0.9000296135681021
BDT_VAR_DLG_B_1250_4_20_0.05_10_0.25,0.9088202737211414,0.8984302376191777
BDT_VAR_DLG_B_1250_4_20_0.05_10_0.5,0.9088215133229653,0.8983071125064749
BDT_VAR_DLG_B_1250_4_20_0.05_10_1,0.9086935829225045,0.8980984519572317
BDT_VAR_DLG_B_1250_4_20_0.05_20_0.25,0.9021861938987443,0.8950795083138069
BDT_VAR_DLG_B_1250_4_20_0.05_20_0.5,0.9022811985213262,0.8950087480537227
BDT_VAR_DLG_B_1250_4_20_0.05_20_1,0.9019248684118962,0.8943739431132726
BDT_VAR_DLG_B_1250_4_20_0.1_1_0.25,0.9184948042721768,0.8967535089886138
BDT_VAR_DLG_B_1250_4_20_0.1_1_0.5,0.9198200193305501,0.8964286657901136
BDT_VAR_DLG_B_1250_4_20_0.1_1_1,0.9200602112237005,0.8981577320489742
BDT_VAR_DLG_B_1250_4_20_0.1_5_0.25,0.9132360936357681,0.8966527999774491
BDT_VAR_DLG_B_1250_4_20_0.1_5_0.5,0.9138033317935487,0.8982922300009069
BDT_VAR_DLG_B_1250_4_20_0.1_5_1,0.9139135535995357,0.897868470881684
BDT_VAR_DLG_B_1250_4_20_0.1_10_0.25,0.9093982878070623,0.8969514725285358
BDT_VAR_DLG_B_1250_4_20_0.1_10_0.5,0.9100713473660597,0.8970185863115785
BDT_VAR_DLG_B_1250_4_20_0.1_10_1,0.9100578000565944,0.8976883651733039
BDT_VAR_DLG_B_1250_4_20_0.1_20_0.25,0.9032230198595468,0.895324825162587
BDT_VAR_DLG_B_1250_4_20_0.1_20_0.5,0.9032030407687045,0.8950592377149813
BDT_VAR_DLG_B_1250_4_20_0.1_20_1,0.902986555977485,0.8952976256142795
BDT_VAR_DLG_B_1250_5_20_0.01_1_0.25,0.9119803970793217,0.9008806041236437
BDT_VAR_DLG_B_1250_5_20_0.01_1_0.5,0.9120707787914561,0.9006499198335857
BDT_VAR_DLG_B_1250_5_20_0.01_1_1,0.9119364095346564,0.900190070440586
BDT_VAR_DLG_B_1250_5_20_0.01_5_0.25,0.9083360280558922,0.899475604463726
BDT_VAR_DLG_B_1250_5_20_0.01_5_0.5,0.9081335734149727,0.899059404643193
BDT_VAR_DLG_B_1250_5_20_0.01_5_1,0.9079331655836257,0.8990808113582289
BDT_VAR_DLG_B_1250_5_20_0.01_10_0.25,0.9059118602498133,0.8972374712389944
BDT_VAR_DLG_B_1250_5_20_0.01_10_0.5,0.905679876884167,0.8967166457380289
BDT_VAR_DLG_B_1250_5_20_0.01_10_1,0.9057025543980673,0.896452480029338
BDT_VAR_DLG_B_1250_5_20_0.01_20_0.25,0.900273336155972,0.8937742642114611
BDT_VAR_DLG_B_1250_5_20_0.01_20_0.5,0.8998232729837228,0.8929631666398528
BDT_VAR_DLG_B_1250_5_20_0.01_20_1,0.8998962386706876,0.8929516413131108
BDT_VAR_DLG_B_1250_5_20_0.05_1_0.25,0.9203157756719841,0.8984122441099467
BDT_VAR_DLG_B_1250_5_20_0.05_1_0.5,0.9207296044277526,0.898261405809103
BDT_VAR_DLG_B_1250_5_20_0.05_1_1,0.9210316300744927,0.8985841022419518
BDT_VAR_DLG_B_1250_5_20_0.05_5_0.25,0.9126086465978582,0.8984978243365531
BDT_VAR_DLG_B_1250_5_20_0.05_5_0.5,0.9129163241794548,0.8986080566346626
BDT_VAR_DLG_B_1250_5_20_0.05_5_1,0.9129846302604638,0.8986376383639151
BDT_VAR_DLG_B_1250_5_20_0.05_10_0.25,0.9091830840712358,0.89800989492237
BDT_VAR_DLG_B_1250_5_20_0.05_10_0.5,0.9090372150815845,0.8980988277626325
BDT_VAR_DLG_B_1250_5_20_0.05_10_1,0.9090279417168333,0.8981325870497109
BDT_VAR_DLG_B_1250_5_20_0.05_20_0.25,0.9021861938987443,0.8950795083138069
BDT_VAR_DLG_B_1250_5_20_0.05_20_0.5,0.9022811985213262,0.8950087480537227
BDT_VAR_DLG_B_1250_5_20_0.05_20_1,0.9019248684118962,0.8943739431132726
BDT_VAR_DLG_B_1250_5_20_0.1_1_0.25,0.925446618147732,0.8921272064418275
BDT_VAR_DLG_B_1250_5_20_0.1_1_0.5,0.9267634506587712,0.8934642414607704
BDT_VAR_DLG_B_1250_5_20_0.1_1_1,0.9274159880372969,0.8956100646697086
BDT_VAR_DLG_B_1250_5_20_0.1_5_0.25,0.9153920608385925,0.8958696129335609
BDT_VAR_DLG_B_1250_5_20_0.1_5_0.5,0.9158505980567657,0.8968700911328119
BDT_VAR_DLG_B_1250_5_20_0.1_5_1,0.9161421117826996,0.8970297316234325
BDT_VAR_DLG_B_1250_5_20_0.1_10_0.25,0.9097885066306372,0.8963599788936162
BDT_VAR_DLG_B_1250_5_20_0.1_10_0.5,0.9105512070623742,0.8965092509335227
BDT_VAR_DLG_B_1250_5_20_0.1_10_1,0.9104201832067836,0.8967398611897528
BDT_VAR_DLG_B_1250_5_20_0.1_20_0.25,0.9032230198595468,0.895324825162587
BDT_VAR_DLG_B_1250_5_20_0.1_20_0.5,0.9032030407687045,0.8950592377149813
BDT_VAR_DLG_B_1250_5_20_0.1_20_1,0.902986555977485,0.8952976256142795
BDT_VAR_DLG_B_1250_6_20_0.01_1_0.25,0.9138393284604911,0.9011147048584299
BDT_VAR_DLG_B_1250_6_20_0.01_1_0.5,0.9139583793711652,0.9006275396074562
BDT_VAR_DLG_B_1250_6_20_0.01_1_1,0.913981500226644,0.9004389310560285
BDT_VAR_DLG_B_1250_6_20_0.01_5_0.25,0.9086281644065434,0.8992799917871153
BDT_VAR_DLG_B_1250_6_20_0.01_5_0.5,0.9085364652146476,0.8990794020914045
BDT_VAR_DLG_B_1250_6_20_0.01_5_1,0.9083674312724884,0.8990920309795464
BDT_VAR_DLG_B_1250_6_20_0.01_10_0.25,0.9059312755803781,0.8972601769926634
BDT_VAR_DLG_B_1250_6_20_0.01_10_0.5,0.9057765745853368,0.8967207783893454
BDT_VAR_DLG_B_1250_6_20_0.01_10_1,0.9057044634747305,0.8964174676010151
BDT_VAR_DLG_B_1250_6_20_0.01_20_0.25,0.900273336155972,0.8937742642114611
BDT_VAR_DLG_B_1250_6_20_0.01_20_0.5,0.8998232729837228,0.8929631666398528
BDT_VAR_DLG_B_1250_6_20_0.01_20_1,0.8998962386706876,0.8929516413131108
BDT_VAR_DLG_B_1250_6_20_0.05_1_0.25,0.9258797606008243,0.8971001272143944
BDT_VAR_DLG_B_1250_6_20_0.05_1_0.5,0.9259979623328539,0.8966718800430664
BDT_VAR_DLG_B_1250_6_20_0.05_1_1,0.9263171962718638,0.8968137467334331
BDT_VAR_DLG_B_1250_6_20_0.05_5_0.25,0.9137865133918924,0.898016669555788
BDT_VAR_DLG_B_1250_6_20_0.05_5_0.5,0.9139703373886963,0.8979911428162497
BDT_VAR_DLG_B_1250_6_20_0.05_5_1,0.9139059904839718,0.8983500344249346
BDT_VAR_DLG_B_1250_6_20_0.05_10_0.25,0.9090788998739607,0.8980874817035381
BDT_VAR_DLG_B_1250_6_20_0.05_10_0.5,0.9092681265712818,0.8981014173247468
BDT_VAR_DLG_B_1250_6_20_0.05_10_1,0.9091159104467906,0.8977723661401942
BDT_VAR_DLG_B_1250_6_20_0.05_20_0.25,0.9021861938987443,0.8950795083138069
BDT_VAR_DLG_B_1250_6_20_0.05_20_0.5,0.9022811985213262,0.8950087480537227
BDT_VAR_DLG_B_1250_6_20_0.05_20_1,0.9019248684118962,0.8943739431132726
BDT_VAR_DLG_B_1250_6_20_0.1_1_0.25,0.9329184932877499,0.8883778166253145
BDT_VAR_DLG_B_1250_6_20_0.1_1_0.5,0.9346616729280852,0.8903544045828228
BDT_VAR_DLG_B_1250_6_20_0.1_1_1,0.9351587674740635,0.8930152516096429
BDT_VAR_DLG_B_1250_6_20_0.1_5_0.25,0.9166869969740626,0.8947016109291772
BDT_VAR_DLG_B_1250_6_20_0.1_5_0.5,0.9174023530174376,0.8954861265516978
BDT_VAR_DLG_B_1250_6_20_0.1_5_1,0.9176503720566019,0.8962272941969365
BDT_VAR_DLG_B_1250_6_20_0.1_10_0.25,0.9102517415469511,0.8969294824977053
BDT_VAR_DLG_B_1250_6_20_0.1_10_0.5,0.9107813751998521,0.8965863672947042
BDT_VAR_DLG_B_1250_6_20_0.1_10_1,0.9108218764725471,0.8971742403682471
BDT_VAR_DLG_B_1250_6_20_0.1_20_0.25,0.9032230198595468,0.895324825162587
BDT_VAR_DLG_B_1250_6_20_0.1_20_0.5,0.9032030407687045,0.8950592377149813
BDT_VAR_DLG_B_1250_6_20_0.1_20_1,0.902986555977485,0.8952976256142795
BDT_VAR_DLG_B_1500_3_20_0.01_1_0.25,0.9085213726788303,0.8997242955229456
BDT_VAR_DLG_B_1500_3_20_0.01_1_0.5,0.9083718629441455,0.899747579851874
BDT_VAR_DLG_B_1500_3_20_0.01_1_1,0.9084986524360658,0.8997531383082396
BDT_VAR_DLG_B_1500_3_20_0.01_5_0.25,0.9072130254044969,0.8988564006930571
BDT_VAR_DLG_B_1500_3_20_0.01_5_0.5,0.9071129698281605,0.8989315383672788
BDT_VAR_DLG_B_1500_3_20_0.01_5_1,0.9069846504515819,0.8987412366831563
BDT_VAR_DLG_B_1500_3_20_0.01_10_0.25,0.9055996669006332,0.897291570513436
BDT_VAR_DLG_B_1500_3_20_0.01_10_0.5,0.9055671465366995,0.8968518395634895
BDT_VAR_DLG_B_1500_3_20_0.01_10_1,0.9053649496905367,0.8965201602047232
BDT_VAR_DLG_B_1500_3_20_0.01_20_0.25,0.9005460230187556,0.8940606670173453
BDT_VAR_DLG_B_1500_3_20_0.01_20_0.5,0.9001129768262702,0.8932893698027413
BDT_VAR_DLG_B_1500_3_20_0.01_20_1,0.9001468092450546,0.8932417650854866
BDT_VAR_DLG_B_1500_3_20_0.05_1_0.25,0.912311040980379,0.9000821888883391
BDT_VAR_DLG_B_1500_3_20_0.05_1_0.5,0.9123118876847153,0.9000879740933897
BDT_VAR_DLG_B_1500_3_20_0.05_1_1,0.9123665988355683,0.9004244665752781
BDT_VAR_DLG_B_1500_3_20_0.05_5_0.25,0.909947298600311,0.8994850397083078
BDT_VAR_DLG_B_1500_3_20_0.05_5_0.5,0.9104244799540008,0.9004811867722943
BDT_VAR_DLG_B_1500_3_20_0.05_5_1,0.9102309840317179,0.9001858724293864
BDT_VAR_DLG_B_1500_3_20_0.05_10_0.25,0.9084255316073537,0.898281718097734
BDT_VAR_DLG_B_1500_3_20_0.05_10_0.5,0.9083788661929764,0.898601203586397
BDT_VAR_DLG_B_1500_3_20_0.05_10_1,0.9082449020087651,0.8984007393014634
BDT_VAR_DLG_B_1500_3_20_0.05_20_0.25,0.9024038355751073,0.8950365881930966
BDT_VAR_DLG_B_1500_3_20_0.05_20_0.5,0.9027046397008794,0.8951589072602767
BDT_VAR_DLG_B_1500_3_20_0.05_20_1,0.9022802573311116,0.8945802422924943
BDT_VAR_DLG_B_1500_3_20_0.1_1_0.25,0.91403795313052,0.8977911515227557
BDT_VAR_DLG_B_1500_3_20_0.1_1_0.5,0.9145065665503477,0.8983220688292857
BDT_VAR_DLG_B_1500_3_20_0.1_1_1,0.91495254599466,0.8993033548513614
BDT_VAR_DLG_B_1500_3_20_0.1_5_0.25,0.911392462796433,0.898430933570068
BDT_VAR_DLG_B_1500_3_20_0.1_5_0.5,0.9115605512151456,0.898800934091031
BDT_VAR_DLG_B_1500_3_20_0.1_5_1,0.9116665547386075,0.8988734714015324
BDT_VAR_DLG_B_1500_3_20_0.1_10_0.25,0.9089297432428759,0.8972462380096385
BDT_VAR_DLG_B_1500_3_20_0.1_10_0.5,0.90942736957636,0.8981227159738036
BDT_VAR_DLG_B_1500_3_20_0.1_10_1,0.9094270679096425,0.8975912423523783
BDT_VAR_DLG_B_1500_3_20_0.1_20_0.25,0.9034279933768042,0.8949591585278135
BDT_VAR_DLG_B_1500_3_20_0.1_20_0.5,0.9035990912650844,0.8951512621949611
BDT_VAR_DLG_B_1500_3_20_0.1_20_1,0.9033510027930797,0.8953847186052737
BDT_VAR_DLG_B_1500_4_20_0.01_1_0.25,0.9105818947922031,0.9003362517191416
BDT_VAR_DLG_B_1500_4_20_0.01_1_0.5,0.9104558658211755,0.900284893727051
BDT_VAR_DLG_B_1500_4_20_0.01_1_1,0.9105015191257976,0.9002044986830734
BDT_VAR_DLG_B_1500_4_20_0.01_5_0.25,0.9082063575054128,0.8995102585182116
BDT_VAR_DLG_B_1500_4_20_0.01_5_0.5,0.9080374741396936,0.8992136266898709
BDT_VAR_DLG_B_1500_4_20_0.01_5_1,0.9078764843128225,0.8991016617395109
BDT_VAR_DLG_B_1500_4_20_0.01_10_0.25,0.906029799526987,0.8974468774401088
BDT_VAR_DLG_B_1500_4_20_0.01_10_0.5,0.905995602457032,0.8969634436091702
BDT_VAR_DLG_B_1500_4_20_0.01_10_1,0.9058439245577867,0.8967891529970845
BDT_VAR_DLG_B_1500_4_20_0.01_20_0.25,0.9005460230187556,0.8940606670173453
BDT_VAR_DLG_B_1500_4_20_0.01_20_0.5,0.9001129768262702,0.8932893698027413
BDT_VAR_DLG_B_1500_4_20_0.01_20_1,0.9001468092450546,0.8932417650854866
BDT_VAR_DLG_B_1500_4_20_0.05_1_0.25,0.9167884671091205,0.8995575347609006
BDT_VAR_DLG_B_1500_4_20_0.05_1_0.5,0.916840028436038,0.8988513203025967
BDT_VAR_DLG_B_1500_4_20_0.05_1_1,0.9170309588793376,0.8988883970576745
BDT_VAR_DLG_B_1500_4_20_0.05_5_0.25,0.91193051660943,0.8991011564070835
BDT_VAR_DLG_B_1500_4_20_0.05_5_0.5,0.9121417532259485,0.8992543105501886
BDT_VAR_DLG_B_1500_4_20_0.05_5_1,0.9121750942914921,0.8997258986010003
BDT_VAR_DLG_B_1500_4_20_0.05_10_0.25,0.9093014623668626,0.8983774544613392
BDT_VAR_DLG_B_1500_4_20_0.05_10_0.5,0.9093744092573609,0.8985802995827575
BDT_VAR_DLG_B_1500_4_20_0.05_10_1,0.9090940330802758,0.8979787413593421
BDT_VAR_DLG_B_1500_4_20_0.05_20_0.25,0.9024038355751073,0.8950365881930966
BDT_VAR_DLG_B_1500_4_20_0.05_20_0.5,0.9027046397008794,0.8951589072602767
BDT_VAR_DLG_B_1500_4_20_0.05_20_1,0.9022802573311116,0.8945802422924943
BDT_VAR_DLG_B_1500_4_20_0.1_1_0.25,0.9200370197451289,0.8960629468684067
BDT_VAR_DLG_B_1500_4_20_0.1_1_0.5,0.9211494802368484,0.8958004893605456
BDT_VAR_DLG_B_1500_4_20_0.1_1_1,0.9215650272706579,0.8978859748183886
BDT_VAR_DLG_B_1500_4_20_0.1_5_0.25,0.9140945549096371,0.8963110022793533
BDT_VAR_DLG_B_1500_4_20_0.1_5_0.5,0.9145859175106259,0.8979653424402394
BDT_VAR_DLG_B_1500_4_20_0.1_5_1,0.9147914255611297,0.8974595316696544
BDT_VAR_DLG_B_1500_4_20_0.1_10_0.25,0.9099199529518545,0.8965365592188075
BDT_VAR_DLG_B_1500_4_20_0.1_10_0.5,0.9106729818307155,0.8969965013044717
BDT_VAR_DLG_B_1500_4_20_0.1_10_1,0.9107399066133032,0.8972377847630864
BDT_VAR_DLG_B_1500_4_20_0.1_20_0.25,0.9034279933768042,0.8949591585278135
BDT_VAR_DLG_B_1500_4_20_0.1_20_0.5,0.9035990912650844,0.8951512621949611
BDT_VAR_DLG_B_1500_4_20_0.1_20_1,0.9033510027930797,0.8953847186052737
BDT_VAR_DLG_B_1500_5_20_0.01_1_0.25,0.9126699540430269,0.9008552581831958
BDT_VAR_DLG_B_1500_5_20_0.01_1_0.5,0.9127418916375654,0.9007863781665223
BDT_VAR_DLG_B_1500_5_20_0.01_1_1,0.9126790398942396,0.9003960220971795
BDT_VAR_DLG_B_1500_5_20_0.01_5_0.25,0.9087836690443092,0.899647043555683
BDT_VAR_DLG_B_1500_5_20_0.01_5_0.5,0.9086272851884862,0.8993524830809431
BDT_VAR_DLG_B_1500_5_20_0.01_5_1,0.9083858801869591,0.8994011775411553
BDT_VAR_DLG_B_1500_5_20_0.01_10_0.25,0.9062867925482959,0.8974622871121719
BDT_VAR_DLG_B_1500_5_20_0.01_10_0.5,0.9061069612007684,0.8970353067291441
BDT_VAR_DLG_B_1500_5_20_0.01_10_1,0.9060422934654476,0.8966705835678707
BDT_VAR_DLG_B_1500_5_20_0.01_20_0.25,0.9005460230187556,0.8940606670173453
BDT_VAR_DLG_B_1500_5_20_0.01_20_0.5,0.9001129768262702,0.8932893698027413
BDT_VAR_DLG_B_1500_5_20_0.01_20_1,0.9001468092450546,0.8932417650854866
BDT_VAR_DLG_B_1500_5_20_0.05_1_0.25,0.9219263195832441,0.8978566759146261
BDT_VAR_DLG_B_1500_5_20_0.05_1_0.5,0.9223910432473048,0.8973821807902633
BDT_VAR_DLG_B_1500_5_20_0.05_1_1,0.9225779695294856,0.8979094536585894
BDT_VAR_DLG_B_1500_5_20_0.05_5_0.25,0.9135910086172755,0.8984305983745281
BDT_VAR_DLG_B_1500_5_20_0.05_5_0.5,0.9138154011291726,0.8982614024725142
BDT_VAR_DLG_B_1500_5_20_0.05_5_1,0.9138172027240622,0.8983514550381588
BDT_VAR_DLG_B_1500_5_20_0.05_10_0.25,0.9096243548698676,0.8978670764106721
BDT_VAR_DLG_B_1500_5_20_0.05_10_0.5,0.9095137440609901,0.8982427850442445
BDT_VAR_DLG_B_1500_5_20_0.05_10_1,0.9095410006089161,0.8979391050578118
BDT_VAR_DLG_B_1500_5_20_0.05_20_0.25,0.9024038355751073,0.8950365881930966
BDT_VAR_DLG_B_1500_5_20_0.05_20_0.5,0.9027046397008794,0.8951589072602767
BDT_VAR_DLG_B_1500_5_20_0.05_20_1,0.9022802573311116,0.8945802422924943
BDT_VAR_DLG_B_1500_5_20_0.1_1_0.25,0.927481791314103,0.8906465024513038
BDT_VAR_DLG_B_1500_5_20_0.1_1_0.5,0.9287736806677138,0.8920931519012291
BDT_VAR_DLG_B_1500_5_20_0.1_1_1,0.9297297568864774,0.8948634717740285
BDT_VAR_DLG_B_1500_5_20_0.1_5_0.25,0.9165107478370851,0.8958563941194563
BDT_VAR_DLG_B_1500_5_20_0.1_5_0.5,0.9170728390577105,0.8961718112510099
BDT_VAR_DLG_B_1500_5_20_0.1_5_1,0.9173607228762305,0.8965265992859357
BDT_VAR_DLG_B_1500_5_20_0.1_10_0.25,0.9105423731547155,0.8959244732683573
BDT_VAR_DLG_B_1500_5_20_0.1_10_0.5,0.9113263822562262,0.8968678832284556
BDT_VAR_DLG_B_1500_5_20_0.1_10_1,0.9111177322958561,0.8963184703261414
BDT_VAR_DLG_B_1500_5_20_0.1_20_0.25,0.9034279933768042,0.8949591585278135
BDT_VAR_DLG_B_1500_5_20_0.1_20_0.5,0.9035990912650844,0.8951512621949611
BDT_VAR_DLG_B_1500_5_20_0.1_20_1,0.9033510027930797,0.8953847186052737
BDT_VAR_DLG_B_1500_6_20_0.01_1_0.25,0.9147060398814224,0.9009181777349021
BDT_VAR_DLG_B_1500_6_20_0.01_1_0.5,0.9148911535771775,0.9006474305532117
BDT_VAR_DLG_B_1500_6_20_0.01_1_1,0.9149259957097777,0.9004955777869736
BDT_VAR_DLG_B_1500_6_20_0.01_5_0.25,0.9091664382298111,0.8994543316778577
BDT_VAR_DLG_B_1500_6_20_0.01_5_0.5,0.9090688144950354,0.8992821292625034
BDT_VAR_DLG_B_1500_6_20_0.01_5_1,0.9088563265181506,0.8993139528842662
BDT_VAR_DLG_B_1500_6_20_0.01_10_0.25,0.9063007033630511,0.8974695362582126
BDT_VAR_DLG_B_1500_6_20_0.01_10_0.5,0.9062084207714775,0.8970315465549623
BDT_VAR_DLG_B_1500_6_20_0.01_10_1,0.9060964403096143,0.8966607040899011
BDT_VAR_DLG_B_1500_6_20_0.01_20_0.25,0.9005460230187556,0.8940606670173453
BDT_VAR_DLG_B_1500_6_20_0.01_20_0.5,0.9001129768262702,0.8932893698027413
BDT_VAR_DLG_B_1500_6_20_0.01_20_1,0.9001468092450546,0.8932417650854866
BDT_VAR_DLG_B_1500_6_20_0.05_1_0.25,0.9280150295559648,0.8960559686107844
BDT_VAR_DLG_B_1500_6_20_0.05_1_0.5,0.9282550604910352,0.8955813014852009
BDT_VAR_DLG_B_1500_6_20_0.05_1_1,0.9285236911353487,0.8958780139304636
BDT_VAR_DLG_B_1500_6_20_0.05_5_0.25,0.914973719605339,0.897546539003821
BDT_VAR_DLG_B_1500_6_20_0.05_5_0.5,0.9151049749823819,0.897771407251236
BDT_VAR_DLG_B_1500_6_20_0.05_5_1,0.9148525018181193,0.8978493725288836
BDT_VAR_DLG_B_1500_6_20_0.05_10_0.25,0.9095739218012047,0.8978197963201321
BDT_VAR_DLG_B_1500_6_20_0.05_10_0.5,0.9097137331865686,0.8981227961309883
BDT_VAR_DLG_B_1500_6_20_0.05_10_1,0.9096221671012882,0.8975668931928099
BDT_VAR_DLG_B_1500_6_20_0.05_20_0.25,0.9024038355751073,0.8950365881930966
BDT_VAR_DLG_B_1500_6_20_0.05_20_0.5,0.9027046397008794,0.8951589072602767
BDT_VAR_DLG_B_1500_6_20_0.05_20_1,0.9022802573311116,0.8945802422924943
BDT_VAR_DLG_B_1500_6_20_0.1_1_0.25,0.935597774353513,0.8866015364088964
BDT_VAR_DLG_B_1500_6_20_0.1_1_0.5,0.9378846391074619,0.888614355967015
BDT_VAR_DLG_B_1500_6_20_0.1_1_1,0.9383361188120607,0.8915784708516652
BDT_VAR_DLG_B_1500_6_20_0.1_5_0.25,0.9183694831318947,0.8947808344375906
BDT_VAR_DLG_B_1500_6_20_0.1_5_0.5,0.9188155685590731,0.8952036512515649
BDT_VAR_DLG_B_1500_6_20_0.1_5_1,0.9191835251344331,0.8957820440733346
BDT_VAR_DLG_B_1500_6_20_0.1_10_0.25,0.910637538393238,0.8961001579966631
BDT_VAR_DLG_B_1500_6_20_0.1_10_0.5,0.9113947238980787,0.8967272258465918
BDT_VAR_DLG_B_1500_6_20_0.1_10_1,0.9113650356700971,0.8966207281228968
BDT_VAR_DLG_B_1500_6_20_0.1_20_0.25,0.9034279933768042,0.8949591585278135
BDT_VAR_DLG_B_1500_6_20_0.1_20_0.5,0.9035990912650844,0.8951512621949611
BDT_VAR_DLG_B_1500_6_20_0.1_20_1,0.9033510027930797,0.8953847186052737
BDT_VAR_DLG_B_2000_3_20_0.01_1_0.25,0.9091439761888739,0.9000484331408316
BDT_VAR_DLG_B_2000_3_20_0.01_1_0.5,0.9089061120884686,0.9000582188874393
BDT_VAR_DLG_B_2000_3_20_0.01_1_1,0.9090666440398247,0.9001129813678722
BDT_VAR_DLG_B_2000_3_20_0.01_5_0.25,0.9078060705869464,0.899449214859983
BDT_VAR_DLG_B_2000_3_20_0.01_5_0.5,0.9076456427876618,0.8995183695237474
BDT_VAR_DLG_B_2000_3_20_0.01_5_1,0.9075267161279312,0.8991925131782174
BDT_VAR_DLG_B_2000_3_20_0.01_10_0.25,0.9062653265820827,0.8977993293221248
BDT_VAR_DLG_B_2000_3_20_0.01_10_0.5,0.9061682129849121,0.8973758201612664
BDT_VAR_DLG_B_2000_3_20_0.01_10_1,0.9058321961957823,0.896830516411245
BDT_VAR_DLG_B_2000_3_20_0.01_20_0.25,0.9010408898157175,0.8944984919205942
BDT_VAR_DLG_B_2000_3_20_0.01_20_0.5,0.9005479392497001,0.8935975869352596
BDT_VAR_DLG_B_2000_3_20_0.01_20_1,0.9004577621708774,0.8935083148866925
BDT_VAR_DLG_B_2000_3_20_0.05_1_0.25,0.9132422853306595,0.8997437490900538
BDT_VAR_DLG_B_2000_3_20_0.05_1_0.5,0.9133661156906203,0.9000225000151238
BDT_VAR_DLG_B_2000_3_20_0.05_1_1,0.9134777705635994,0.9002711136087687
BDT_VAR_DLG_B_2000_3_20_0.05_5_0.25,0.9107387503105145,0.8993222085220087
BDT_VAR_DLG_B_2000_3_20_0.05_5_0.5,0.9110527416405477,0.899845303567771
BDT_VAR_DLG_B_2000_3_20_0.05_5_1,0.9109521756915834,0.8999697369452903
BDT_VAR_DLG_B_2000_3_20_0.05_10_0.25,0.9088115595394476,0.8981433431827909
BDT_VAR_DLG_B_2000_3_20_0.05_10_0.5,0.9086322376323428,0.898035125973114
BDT_VAR_DLG_B_2000_3_20_0.05_10_1,0.9087781177589466,0.8985538810498203
BDT_VAR_DLG_B_2000_3_20_0.05_20_0.25,0.9029854918778684,0.8953480580894513
BDT_VAR_DLG_B_2000_3_20_0.05_20_0.5,0.9030840563629868,0.8952838823470759
BDT_VAR_DLG_B_2000_3_20_0.05_20_1,0.9027188496176611,0.8948334323603988
BDT_VAR_DLG_B_2000_3_20_0.1_1_0.25,0.9154666679729833,0.8969104722199711
BDT_VAR_DLG_B_2000_3_20_0.1_1_0.5,0.9159216917963607,0.8982397327057211
BDT_VAR_DLG_B_2000_3_20_0.1_1_1,0.9165303318250083,0.8987912452687509
BDT_VAR_DLG_B_2000_3_20_0.1_5_0.25,0.9124932697494018,0.8972321015996025
BDT_VAR_DLG_B_2000_3_20_0.1_5_0.5,0.9126381115015002,0.8981271516248972
BDT_VAR_DLG_B_2000_3_20_0.1_5_1,0.9127662042557507,0.8982080070930841
BDT_VAR_DLG_B_2000_3_20_0.1_10_0.25,0.9094607984986002,0.8968697914915941
BDT_VAR_DLG_B_2000_3_20_0.1_10_0.5,0.9100051283297298,0.8974421782627254
BDT_VAR_DLG_B_2000_3_20_0.1_10_1,0.9100807609064286,0.8974941662193212
BDT_VAR_DLG_B_2000_3_20_0.1_20_0.25,0.9039217990418114,0.8952622465518256
BDT_VAR_DLG_B_2000_3_20_0.1_20_0.5,0.9038362194679826,0.894930040714692
BDT_VAR_DLG_B_2000_3_20_0.1_20_1,0.9038308921280638,0.8955752010773382
BDT_VAR_DLG_B_2000_4_20_0.01_1_0.25,0.911376554675563,0.9005713585115488
BDT_VAR_DLG_B_2000_4_20_0.01_1_0.5,0.9113418404629356,0.9005469202914953
BDT_VAR_DLG_B_2000_4_20_0.01_1_1,0.9114209243653133,0.9005594790142234
BDT_VAR_DLG_B_2000_4_20_0.01_5_0.25,0.9088456959160368,0.8999326921368623
BDT_VAR_DLG_B_2000_4_20_0.01_5_0.5,0.9087132619977542,0.8996762832952301
BDT_VAR_DLG_B_2000_4_20_0.01_5_1,0.908618571315296,0.899639321473631
BDT_VAR_DLG_B_2000_4_20_0.01_10_0.25,0.9067199935107595,0.8979757976333986
BDT_VAR_DLG_B_2000_4_20_0.01_10_0.5,0.9067057803481506,0.8975204849672488
BDT_VAR_DLG_B_2000_4_20_0.01_10_1,0.9064847148586413,0.897268215041146
BDT_VAR_DLG_B_2000_4_20_0.01_20_0.25,0.9010408898157175,0.8944984919205942
BDT_VAR_DLG_B_2000_4_20_0.01_20_0.5,0.9005479392497001,0.8935975869352596
BDT_VAR_DLG_B_2000_4_20_0.01_20_1,0.9004577621708774,0.8935083148866925
BDT_VAR_DLG_B_2000_4_20_0.05_1_0.25,0.9185042849455836,0.8980624860989034
BDT_VAR_DLG_B_2000_4_20_0.05_1_0.5,0.918775968969351,0.8981445581120419
BDT_VAR_DLG_B_2000_4_20_0.05_1_1,0.9190004083085014,0.8980810729782903
BDT_VAR_DLG_B_2000_4_20_0.05_5_0.25,0.9130791226404142,0.8983077072955176
BDT_VAR_DLG_B_2000_4_20_0.05_5_0.5,0.9132210311177078,0.8985257450739444
BDT_VAR_DLG_B_2000_4_20_0.05_5_1,0.9133888399661922,0.8992628612747476
BDT_VAR_DLG_B_2000_4_20_0.05_10_0.25,0.9097266401844556,0.8980782668838303
BDT_VAR_DLG_B_2000_4_20_0.05_10_0.5,0.9097233353823797,0.8979185201550057
BDT_VAR_DLG_B_2000_4_20_0.05_10_1,0.9097950712979817,0.897932226202354
BDT_VAR_DLG_B_2000_4_20_0.05_20_0.25,0.9029854918778684,0.8953480580894513
BDT_VAR_DLG_B_2000_4_20_0.05_20_0.5,0.9030840563629868,0.8952838823470759
BDT_VAR_DLG_B_2000_4_20_0.05_20_1,0.9027188496176611,0.8948334323603988
BDT_VAR_DLG_B_2000_4_20_0.1_1_0.25,0.9224664726181178,0.8936687448970255
BDT_VAR_DLG_B_2000_4_20_0.1_1_0.5,0.923827804145233,0.8945307202509621
BDT_VAR_DLG_B_2000_4_20_0.1_1_1,0.9244692740188458,0.8965035349369468
BDT_VAR_DLG_B_2000_4_20_0.1_5_0.25,0.9153579898478855,0.8950482356685889
BDT_VAR_DLG_B_2000_4_20_0.1_5_0.5,0.9159978658956114,0.8968713118479812
BDT_VAR_DLG_B_2000_4_20_0.1_5_1,0.9164895896720795,0.8970587232756033
BDT_VAR_DLG_B_2000_4_20_0.1_10_0.25,0.910864799247151,0.8960567845782977
BDT_VAR_DLG_B_2000_4_20_0.1_10_0.5,0.9113451096762023,0.8960456301981815
BDT_VAR_DLG_B_2000_4_20_0.1_10_1,0.9115674394448914,0.897025918436929
BDT_VAR_DLG_B_2000_4_20_0.1_20_0.25,0.9039217990418114,0.8952622465518256
BDT_VAR_DLG_B_2000_4_20_0.1_20_0.5,0.9038362194679826,0.894930040714692
BDT_VAR_DLG_B_2000_4_20_0.1_20_1,0.9038308921280638,0.8955752010773382
BDT_VAR_DLG_B_2000_5_20_0.01_1_0.25,0.9139134291931522,0.900969742691925
BDT_VAR_DLG_B_2000_5_20_0.01_1_0.5,0.9139769830502167,0.9007683600960903
BDT_VAR_DLG_B_2000_5_20_0.01_1_1,0.9139612530158467,0.9005203815460956
BDT_VAR_DLG_B_2000_5_20_0.01_5_0.25,0.9095489305631345,0.8999569209502923
BDT_VAR_DLG_B_2000_5_20_0.01_5_0.5,0.9094271170368194,0.8997867408936697
BDT_VAR_DLG_B_2000_5_20_0.01_5_1,0.9093171157036904,0.8998781169765502
BDT_VAR_DLG_B_2000_5_20_0.01_10_0.25,0.9069368777295538,0.897911429495799
BDT_VAR_DLG_B_2000_5_20_0.01_10_0.5,0.90684378229353,0.8975217805273675
BDT_VAR_DLG_B_2000_5_20_0.01_10_1,0.9067535010160552,0.8971874494390233
BDT_VAR_DLG_B_2000_5_20_0.01_20_0.25,0.9010408898157175,0.8944984919205942
BDT_VAR_DLG_B_2000_5_20_0.01_20_0.5,0.9005479392497001,0.8935975869352596
BDT_VAR_DLG_B_2000_5_20_0.01_20_1,0.9004577621708774,0.8935083148866925
BDT_VAR_DLG_B_2000_5_20_0.05_1_0.25,0.9249346766495167,0.8958808868449635
BDT_VAR_DLG_B_2000_5_20_0.05_1_0.5,0.9255055351198737,0.8959217282198524
BDT_VAR_DLG_B_2000_5_20_0.05_1_1,0.925732132493843,0.8969695729800127
BDT_VAR_DLG_B_2000_5_20_0.05_5_0.25,0.9148707480814579,0.8973515199110639
BDT_VAR_DLG_B_2000_5_20_0.05_5_0.5,0.9152167113498416,0.8974423322161175
BDT_VAR_DLG_B_2000_5_20_0.05_5_1,0.9154347580666773,0.8977026657101588
BDT_VAR_DLG_B_2000_5_20_0.05_10_0.25,0.9102249312458138,0.897633326156647
BDT_VAR_DLG_B_2000_5_20_0.05_10_0.5,0.910153297841339,0.8977199242712484
BDT_VAR_DLG_B_2000_5_20_0.05_10_1,0.9102406790109565,0.8978428971021746
BDT_VAR_DLG_B_2000_5_20_0.05_20_0.25,0.9029854918778684,0.8953480580894513
BDT_VAR_DLG_B_2000_5_20_0.05_20_0.5,0.9030840563629868,0.8952838823470759
BDT_VAR_DLG_B_2000_5_20_0.05_20_1,0.9027188496176611,0.8948334323603988
BDT_VAR_DLG_B_2000_5_20_0.1_1_0.25,0.9315522801878432,0.8878610789173007
BDT_VAR_DLG_B_2000_5_20_0.1_1_0.5,0.9332472675922338,0.890662085665795
BDT_VAR_DLG_B_2000_5_20_0.1_1_1,0.9342196826634487,0.8928648654590802
BDT_VAR_DLG_B_2000_5_20_0.1_5_0.25,0.9183031853179634,0.894041630126366
BDT_VAR_DLG_B_2000_5_20_0.1_5_0.5,0.9192651153066321,0.8951229540218538
BDT_VAR_DLG_B_2000_5_20_0.1_5_1,0.9195670265631603,0.8952755114279105
BDT_VAR_DLG_B_2000_5_20_0.1_10_0.25,0.9113219147915356,0.8954437327445173
BDT_VAR_DLG_B_2000_5_20_0.1_10_0.5,0.9119486655714746,0.8956217400163043
BDT_VAR_DLG_B_2000_5_20_0.1_10_1,0.912121347301325,0.8962481317800697
BDT_VAR_DLG_B_2000_5_20_0.1_20_0.25,0.9039217990418114,0.8952622465518256
BDT_VAR_DLG_B_2000_5_20_0.1_20_0.5,0.9038362194679826,0.894930040714692
BDT_VAR_DLG_B_2000_5_20_0.1_20_1,0.9038308921280638,0.8955752010773382
BDT_VAR_DLG_B_2000_6_20_0.01_1_0.25,0.9164618083221512,0.9008000816299501
BDT_VAR_DLG_B_2000_6_20_0.01_1_0.5,0.916653791919634,0.9004722004654421
BDT_VAR_DLG_B_2000_6_20_0.01_1_1,0.9166755541144564,0.900486814847793
BDT_VAR_DLG_B_2000_6_20_0.01_5_0.25,0.9100265761782426,0.8996869741993655
BDT_VAR_DLG_B_2000_6_20_0.01_5_0.5,0.9099902413340598,0.8996855137409351
BDT_VAR_DLG_B_2000_6_20_0.01_5_1,0.9098678735315922,0.8998106006387557
BDT_VAR_DLG_B_2000_6_20_0.01_10_0.25,0.9069765528090039,0.8979373040155013
BDT_VAR_DLG_B_2000_6_20_0.01_10_0.5,0.9069353121970808,0.8975443853604357
BDT_VAR_DLG_B_2000_6_20_0.01_10_1,0.9068339334308154,0.8971875835346976
BDT_VAR_DLG_B_2000_6_20_0.01_20_0.25,0.9010408898157175,0.8944984919205942
BDT_VAR_DLG_B_2000_6_20_0.01_20_0.5,0.9005479392497001,0.8935975869352596
BDT_VAR_DLG_B_2000_6_20_0.01_20_1,0.9004577621708774,0.8935083148866925
BDT_VAR_DLG_B_2000_6_20_0.05_1_0.25,0.9322931734958676,0.8940167499010074
BDT_VAR_DLG_B_2000_6_20_0.05_1_0.5,0.9325157609758767,0.8942718214361299
BDT_VAR_DLG_B_2000_6_20_0.05_1_1,0.9329530694545167,0.8948086109399129
BDT_VAR_DLG_B_2000_6_20_0.05_5_0.25,0.9164264050888293,0.8961768979181256
BDT_VAR_DLG_B_2000_6_20_0.05_5_0.5,0.9168467906073317,0.8970056201374336
BDT_VAR_DLG_B_2000_6_20_0.05_5_1,0.9167629777760027,0.8972973274957251
BDT_VAR_DLG_B_2000_6_20_0.05_10_0.25,0.910113805277969,0.8976543507504398
BDT_VAR_DLG_B_2000_6_20_0.05_10_0.5,0.9103337667383083,0.8976220044747688
BDT_VAR_DLG_B_2000_6_20_0.05_10_1,0.9103386306396157,0.8973789458542347
BDT_VAR_DLG_B_2000_6_20_0.05_20_0.25,0.9029854918778684,0.8953480580894513
BDT_VAR_DLG_B_2000_6_20_0.05_20_0.5,0.9030840563629868,0.8952838823470759
BDT_VAR_DLG_B_2000_6_20_0.05_20_1,0.9027188496176611,0.8948334323603988
BDT_VAR_DLG_B_2000_6_20_0.1_1_0.25,0.9407934254625329,0.8823294974344799
BDT_VAR_DLG_B_2000_6_20_0.1_1_0.5,0.9431153447254439,0.8861178914679015
BDT_VAR_DLG_B_2000_6_20_0.1_1_1,0.9438129381508965,0.8888581322566663
BDT_VAR_DLG_B_2000_6_20_0.1_5_0.25,0.9203424170345135,0.8923203347019867
BDT_VAR_DLG_B_2000_6_20_0.1_5_0.5,0.9212772929395645,0.8939755394684575
BDT_VAR_DLG_B_2000_6_20_0.1_5_1,0.9217250025294338,0.8944989806181712
BDT_VAR_DLG_B_2000_6_20_0.1_10_0.25,0.9115677029402682,0.8956695839563483
BDT_VAR_DLG_B_2000_6_20_0.1_10_0.5,0.912237844315148,0.895860207539626
BDT_VAR_DLG_B_2000_6_20_0.1_10_1,0.9124055651503773,0.896363427355506
BDT_VAR_DLG_B_2000_6_20_0.1_20_0.25,0.9039217990418114,0.8952622465518256
BDT_VAR_DLG_B_2000_6_20_0.1_20_0.5,0.9038362194679826,0.894930040714692
BDT_VAR_DLG_B_2000_6_20_0.1_20_1,0.9038308921280638,0.8955752010773382
