BDT_VAR_MLG_B_1000_3_20_0.01_1_0.25,0.8278046027555426,0.8114073948757486
BDT_VAR_MLG_B_1000_3_20_0.01_1_0.5,0.8292447366304071,0.8120867992990173
BDT_VAR_MLG_B_1000_3_20_0.01_1_1,0.8300768346234828,0.8110704765721987
BDT_VAR_MLG_B_1000_3_20_0.01_5_0.25,0.8233223774224308,0.8091001390608804
BDT_VAR_MLG_B_1000_3_20_0.01_5_0.5,0.8276307411545984,0.8119653943994678
BDT_VAR_MLG_B_1000_3_20_0.01_5_1,0.8289257579875288,0.811597221645749
BDT_VAR_MLG_B_1000_3_20_0.01_10_0.25,0.823138611269033,0.8076339271499833
BDT_VAR_MLG_B_1000_3_20_0.01_10_0.5,0.8257108312063146,0.8103023194073882
BDT_VAR_MLG_B_1000_3_20_0.01_10_1,0.8252391232253993,0.8070828918371372
BDT_VAR_MLG_B_1000_3_20_0.01_20_0.25,0.8183565179889898,0.803489611278383
BDT_VAR_MLG_B_1000_3_20_0.01_20_0.5,0.8194101999081376,0.8022688958000033
BDT_VAR_MLG_B_1000_3_20_0.01_20_1,0.8180201525692739,0.801045051874458
BDT_VAR_MLG_B_1000_3_20_0.05_1_0.25,0.8447880911457296,0.8229805502382336
BDT_VAR_MLG_B_1000_3_20_0.05_1_0.5,0.8452597559013223,0.8244053202196185
BDT_VAR_MLG_B_1000_3_20_0.05_1_1,0.8455488220957598,0.822423981011566
BDT_VAR_MLG_B_1000_3_20_0.05_5_0.25,0.8392600361636273,0.8232864111350346
BDT_VAR_MLG_B_1000_3_20_0.05_5_0.5,0.8420806615051785,0.8238984025736843
BDT_VAR_MLG_B_1000_3_20_0.05_5_1,0.8424433177667157,0.820850677155454
BDT_VAR_MLG_B_1000_3_20_0.05_10_0.25,0.8358672031863746,0.8191652418577694
BDT_VAR_MLG_B_1000_3_20_0.05_10_0.5,0.837449582449201,0.8203405939190652
BDT_VAR_MLG_B_1000_3_20_0.05_10_1,0.8378512835273655,0.8182360286653898
BDT_VAR_MLG_B_1000_3_20_0.05_20_0.25,0.8289980121153144,0.8129776586587648
BDT_VAR_MLG_B_1000_3_20_0.05_20_0.5,0.827996667714411,0.8096662735250489
BDT_VAR_MLG_B_1000_3_20_0.05_20_1,0.8256148473575666,0.806664155728996
BDT_VAR_MLG_B_1000_3_20_0.1_1_0.25,0.8489835320677427,0.8265665044947805
BDT_VAR_MLG_B_1000_3_20_0.1_1_0.5,0.8499061832669063,0.8228201227019344
BDT_VAR_MLG_B_1000_3_20_0.1_1_1,0.8509158369400723,0.8239800758325133
BDT_VAR_MLG_B_1000_3_20_0.1_5_0.25,0.8435251918608134,0.8251793298073624
BDT_VAR_MLG_B_1000_3_20_0.1_5_0.5,0.8455195115095059,0.8250128834614251
BDT_VAR_MLG_B_1000_3_20_0.1_5_1,0.8466079919269301,0.8241474982033173
BDT_VAR_MLG_B_1000_3_20_0.1_10_0.25,0.8389526361387802,0.8222071146089596
BDT_VAR_MLG_B_1000_3_20_0.1_10_0.5,0.8427859384042922,0.8259887828586173
BDT_VAR_MLG_B_1000_3_20_0.1_10_1,0.8414319084171391,0.8205735929867365
BDT_VAR_MLG_B_1000_3_20_0.1_20_0.25,0.8289204942453882,0.8112528209896586
BDT_VAR_MLG_B_1000_3_20_0.1_20_0.5,0.8294059750889853,0.8113903952457695
BDT_VAR_MLG_B_1000_3_20_0.1_20_1,0.828889605760843,0.8126233002345497
BDT_VAR_MLG_B_1000_4_20_0.01_1_0.25,0.8361297014904328,0.8188031175714549
BDT_VAR_MLG_B_1000_4_20_0.01_1_0.5,0.8363926474872951,0.8188378902700119
BDT_VAR_MLG_B_1000_4_20_0.01_1_1,0.8364991786680912,0.8167459089772414
BDT_VAR_MLG_B_1000_4_20_0.01_5_0.25,0.8290267456217577,0.8134024379437338
BDT_VAR_MLG_B_1000_4_20_0.01_5_0.5,0.8317541143249899,0.8156012644305288
BDT_VAR_MLG_B_1000_4_20_0.01_5_1,0.8321045241710826,0.8142345813619444
BDT_VAR_MLG_B_1000_4_20_0.01_10_0.25,0.823296018810572,0.8065747791273848
BDT_VAR_MLG_B_1000_4_20_0.01_10_0.5,0.8264694311229734,0.8102893655803222
BDT_VAR_MLG_B_1000_4_20_0.01_10_1,0.8264710667188359,0.8077549498897144
BDT_VAR_MLG_B_1000_4_20_0.01_20_0.25,0.8183565179889898,0.803489611278383
BDT_VAR_MLG_B_1000_4_20_0.01_20_0.5,0.8194101999081376,0.8022688958000033
BDT_VAR_MLG_B_1000_4_20_0.01_20_1,0.8180201525692739,0.801045051874458
BDT_VAR_MLG_B_1000_4_20_0.05_1_0.25,0.8519247553070037,0.8289912948991428
BDT_VAR_MLG_B_1000_4_20_0.05_1_0.5,0.853343660746901,0.827275451335194
BDT_VAR_MLG_B_1000_4_20_0.05_1_1,0.8536582470615424,0.824599117680245
BDT_VAR_MLG_B_1000_4_20_0.05_5_0.25,0.8434710832308449,0.82510358178412
BDT_VAR_MLG_B_1000_4_20_0.05_5_0.5,0.8463280097646774,0.8262813891458043
BDT_VAR_MLG_B_1000_4_20_0.05_5_1,0.8466753422607132,0.8227325860566128
BDT_VAR_MLG_B_1000_4_20_0.05_10_0.25,0.8372891317345839,0.8206791668332696
BDT_VAR_MLG_B_1000_4_20_0.05_10_0.5,0.8390506442879944,0.8209353355526224
BDT_VAR_MLG_B_1000_4_20_0.05_10_1,0.8394269565411984,0.8183250943429117
BDT_VAR_MLG_B_1000_4_20_0.05_20_0.25,0.8289980121153144,0.8129776586587648
BDT_VAR_MLG_B_1000_4_20_0.05_20_0.5,0.827996667714411,0.8096662735250489
BDT_VAR_MLG_B_1000_4_20_0.05_20_1,0.8256148473575666,0.806664155728996
BDT_VAR_MLG_B_1000_4_20_0.1_1_0.25,0.8578912019326116,0.8221531598235062
BDT_VAR_MLG_B_1000_4_20_0.1_1_0.5,0.8592719181294514,0.8261228291137542
BDT_VAR_MLG_B_1000_4_20_0.1_1_1,0.8620012337204367,0.827159855599005
BDT_VAR_MLG_B_1000_4_20_0.1_5_0.25,0.8502586795404644,0.8290290233711944
BDT_VAR_MLG_B_1000_4_20_0.1_5_0.5,0.8509595621950707,0.8282989395264766
BDT_VAR_MLG_B_1000_4_20_0.1_5_1,0.8518424004545654,0.8228856069934097
BDT_VAR_MLG_B_1000_4_20_0.1_10_0.25,0.841012734163593,0.8206226672789504
BDT_VAR_MLG_B_1000_4_20_0.1_10_0.5,0.8438368470457095,0.8236492693401184
BDT_VAR_MLG_B_1000_4_20_0.1_10_1,0.8434492238441871,0.8230448293043635
BDT_VAR_MLG_B_1000_4_20_0.1_20_0.25,0.8289204942453882,0.8112528209896586
BDT_VAR_MLG_B_1000_4_20_0.1_20_0.5,0.8294059750889853,0.8113903952457695
BDT_VAR_MLG_B_1000_4_20_0.1_20_1,0.828889605760843,0.8126233002345497
BDT_VAR_MLG_B_1000_5_20_0.01_1_0.25,0.8419521982389342,0.8225525868028589
BDT_VAR_MLG_B_1000_5_20_0.01_1_0.5,0.8421324094132039,0.821957742727169
BDT_VAR_MLG_B_1000_5_20_0.01_1_1,0.8417722002378398,0.8203381160752586
BDT_VAR_MLG_B_1000_5_20_0.01_5_0.25,0.831334833415931,0.8151876201161186
BDT_VAR_MLG_B_1000_5_20_0.01_5_0.5,0.8329955351601143,0.8160833834886029
BDT_VAR_MLG_B_1000_5_20_0.01_5_1,0.8333878266407718,0.8148887806543533
BDT_VAR_MLG_B_1000_5_20_0.01_10_0.25,0.8235119764836161,0.8064695605749437
BDT_VAR_MLG_B_1000_5_20_0.01_10_0.5,0.8265874438600651,0.8103014488822152
BDT_VAR_MLG_B_1000_5_20_0.01_10_1,0.8265281429471157,0.8077881515144724
BDT_VAR_MLG_B_1000_5_20_0.01_20_0.25,0.8183565179889898,0.803489611278383
BDT_VAR_MLG_B_1000_5_20_0.01_20_0.5,0.8194101999081376,0.8022688958000033
BDT_VAR_MLG_B_1000_5_20_0.01_20_1,0.8180201525692739,0.801045051874458
BDT_VAR_MLG_B_1000_5_20_0.05_1_0.25,0.858653682608117,0.829187919168845
BDT_VAR_MLG_B_1000_5_20_0.05_1_0.5,0.8612758281910161,0.831246446165077
BDT_VAR_MLG_B_1000_5_20_0.05_1_1,0.8615695154637882,0.8285689479049609
BDT_VAR_MLG_B_1000_5_20_0.05_5_0.25,0.846704544569497,0.826684172950712
BDT_VAR_MLG_B_1000_5_20_0.05_5_0.5,0.8484779418673883,0.8248228089382352
BDT_VAR_MLG_B_1000_5_20_0.05_5_1,0.8492316605186485,0.8240105288475055
BDT_VAR_MLG_B_1000_5_20_0.05_10_0.25,0.8376130135646597,0.821956575355771
BDT_VAR_MLG_B_1000_5_20_0.05_10_0.5,0.8390939779609055,0.8205225226981671
BDT_VAR_MLG_B_1000_5_20_0.05_10_1,0.8397381246019561,0.8196182472246696
BDT_VAR_MLG_B_1000_5_20_0.05_20_0.25,0.8289980121153144,0.8129776586587648
BDT_VAR_MLG_B_1000_5_20_0.05_20_0.5,0.827996667714411,0.8096662735250489
BDT_VAR_MLG_B_1000_5_20_0.05_20_1,0.8256148473575666,0.806664155728996
BDT_VAR_MLG_B_1000_5_20_0.1_1_0.25,0.8661646451634745,0.817562896396839
BDT_VAR_MLG_B_1000_5_20_0.1_1_0.5,0.8697870801110686,0.8221145017261615
BDT_VAR_MLG_B_1000_5_20_0.1_1_1,0.8708784619946042,0.8267483427534517
BDT_VAR_MLG_B_1000_5_20_0.1_5_0.25,0.8521903878329591,0.82903626491378
BDT_VAR_MLG_B_1000_5_20_0.1_5_0.5,0.855024238278532,0.8280128345793223
BDT_VAR_MLG_B_1000_5_20_0.1_5_1,0.8562020678737564,0.8249256409920042
BDT_VAR_MLG_B_1000_5_20_0.1_10_0.25,0.8418673104685793,0.8213136912599431
BDT_VAR_MLG_B_1000_5_20_0.1_10_0.5,0.8444754420276822,0.8238838712450182
BDT_VAR_MLG_B_1000_5_20_0.1_10_1,0.8436803373078489,0.8225318102220279
BDT_VAR_MLG_B_1000_5_20_0.1_20_0.25,0.8289204942453882,0.8112528209896586
BDT_VAR_MLG_B_1000_5_20_0.1_20_0.5,0.8294059750889853,0.8113903952457695
BDT_VAR_MLG_B_1000_5_20_0.1_20_1,0.828889605760843,0.8126233002345497
BDT_VAR_MLG_B_1000_6_20_0.01_1_0.25,0.8462250575102946,0.8250957031515086
BDT_VAR_MLG_B_1000_6_20_0.01_1_0.5,0.8462262344950646,0.8243996764434625
BDT_VAR_MLG_B_1000_6_20_0.01_1_1,0.8457266829629416,0.8229240388967017
BDT_VAR_MLG_B_1000_6_20_0.01_5_0.25,0.8317552695219868,0.815603049947097
BDT_VAR_MLG_B_1000_6_20_0.01_5_0.5,0.8338116898774219,0.8166120836865016
BDT_VAR_MLG_B_1000_6_20_0.01_5_1,0.8344545631167101,0.8152040473857717
BDT_VAR_MLG_B_1000_6_20_0.01_10_0.25,0.8234131630787523,0.8066829674265732
BDT_VAR_MLG_B_1000_6_20_0.01_10_0.5,0.8265926474216673,0.8106511769679952
BDT_VAR_MLG_B_1000_6_20_0.01_10_1,0.8267325215596077,0.8080589421255494
BDT_VAR_MLG_B_1000_6_20_0.01_20_0.25,0.8183565179889898,0.803489611278383
BDT_VAR_MLG_B_1000_6_20_0.01_20_0.5,0.8194101999081376,0.8022688958000033
BDT_VAR_MLG_B_1000_6_20_0.01_20_1,0.8180201525692739,0.801045051874458
BDT_VAR_MLG_B_1000_6_20_0.05_1_0.25,0.8664889359892899,0.8282575436781795
BDT_VAR_MLG_B_1000_6_20_0.05_1_0.5,0.8676520251139394,0.8289932075947888
BDT_VAR_MLG_B_1000_6_20_0.05_1_1,0.8683587968333348,0.8279213834361814
BDT_VAR_MLG_B_1000_6_20_0.05_5_0.25,0.8480984924791644,0.8291728285993415
BDT_VAR_MLG_B_1000_6_20_0.05_5_0.5,0.8500557563530685,0.8275586090914606
BDT_VAR_MLG_B_1000_6_20_0.05_5_1,0.8505890716561709,0.8243344585750578
BDT_VAR_MLG_B_1000_6_20_0.05_10_0.25,0.838373759303691,0.821872924698205
BDT_VAR_MLG_B_1000_6_20_0.05_10_0.5,0.8395576084635112,0.8210328141828921
BDT_VAR_MLG_B_1000_6_20_0.05_10_1,0.8397004693387344,0.8183282826416919
BDT_VAR_MLG_B_1000_6_20_0.05_20_0.25,0.8289980121153144,0.8129776586587648
BDT_VAR_MLG_B_1000_6_20_0.05_20_0.5,0.827996667714411,0.8096662735250489
BDT_VAR_MLG_B_1000_6_20_0.05_20_1,0.8256148473575666,0.806664155728996
BDT_VAR_MLG_B_1000_6_20_0.1_1_0.25,0.8767165687839346,0.8162059896176339
BDT_VAR_MLG_B_1000_6_20_0.1_1_0.5,0.8790817643694653,0.8223207774358746
BDT_VAR_MLG_B_1000_6_20_0.1_1_1,0.8803664244083645,0.8249121589678162
BDT_VAR_MLG_B_1000_6_20_0.1_5_0.25,0.8529042507865492,0.8261833180200404
BDT_VAR_MLG_B_1000_6_20_0.1_5_0.5,0.8563676597603759,0.8305534298457115
BDT_VAR_MLG_B_1000_6_20_0.1_5_1,0.8581708712438774,0.8261776839667309
BDT_VAR_MLG_B_1000_6_20_0.1_10_0.25,0.8412430611857455,0.8231988946125104
BDT_VAR_MLG_B_1000_6_20_0.1_10_0.5,0.844940392014221,0.8236948130078154
BDT_VAR_MLG_B_1000_6_20_0.1_10_1,0.8436561649460653,0.8230784011337134
BDT_VAR_MLG_B_1000_6_20_0.1_20_0.25,0.8289204942453882,0.8112528209896586
BDT_VAR_MLG_B_1000_6_20_0.1_20_0.5,0.8294059750889853,0.8113903952457695
BDT_VAR_MLG_B_1000_6_20_0.1_20_1,0.828889605760843,0.8126233002345497
BDT_VAR_MLG_B_1250_3_20_0.01_1_0.25,0.8306960062106776,0.813212815257257
BDT_VAR_MLG_B_1250_3_20_0.01_1_0.5,0.8315606817344378,0.8134856557000227
BDT_VAR_MLG_B_1250_3_20_0.01_1_1,0.8325799574404024,0.8132231196244731
BDT_VAR_MLG_B_1250_3_20_0.01_5_0.25,0.8265916464617185,0.8117530384051571
BDT_VAR_MLG_B_1250_3_20_0.01_5_0.5,0.829661875490711,0.8132245442872752
BDT_VAR_MLG_B_1250_3_20_0.01_5_1,0.8309461257374494,0.8131498373435697
BDT_VAR_MLG_B_1250_3_20_0.01_10_0.25,0.8257080445875135,0.8105204444866726
BDT_VAR_MLG_B_1250_3_20_0.01_10_0.5,0.8278641392573554,0.8120195702853327
BDT_VAR_MLG_B_1250_3_20_0.01_10_1,0.8272509369717965,0.8087167059840351
BDT_VAR_MLG_B_1250_3_20_0.01_20_0.25,0.8202900771525261,0.8056733837305691
BDT_VAR_MLG_B_1250_3_20_0.01_20_0.5,0.8211314846491027,0.8044268609656274
BDT_VAR_MLG_B_1250_3_20_0.01_20_1,0.8196567596093366,0.802750205322207
BDT_VAR_MLG_B_1250_3_20_0.05_1_0.25,0.846463888375973,0.8233883105431185
BDT_VAR_MLG_B_1250_3_20_0.05_1_0.5,0.8466228615832314,0.8237650841271065
BDT_VAR_MLG_B_1250_3_20_0.05_1_1,0.8477346649504468,0.8238639398067944
BDT_VAR_MLG_B_1250_3_20_0.05_5_0.25,0.8411619140969597,0.8247055164014947
BDT_VAR_MLG_B_1250_3_20_0.05_5_0.5,0.8429885234518074,0.8237702283503352
BDT_VAR_MLG_B_1250_3_20_0.05_5_1,0.8445628741072599,0.8227964491187659
BDT_VAR_MLG_B_1250_3_20_0.05_10_0.25,0.8368003545977263,0.8209874769595451
BDT_VAR_MLG_B_1250_3_20_0.05_10_0.5,0.8389348807075988,0.8215850384608812
BDT_VAR_MLG_B_1250_3_20_0.05_10_1,0.839715818646884,0.8198692952463299
BDT_VAR_MLG_B_1250_3_20_0.05_20_0.25,0.8302254787083614,0.8157977891482975
BDT_VAR_MLG_B_1250_3_20_0.05_20_0.5,0.8284378455162495,0.8101193802135306
BDT_VAR_MLG_B_1250_3_20_0.05_20_1,0.8268451834594611,0.8078084862509873
BDT_VAR_MLG_B_1250_3_20_0.1_1_0.25,0.8509094740574068,0.8266299790037998
BDT_VAR_MLG_B_1250_3_20_0.1_1_0.5,0.8518123978890271,0.8226157227201132
BDT_VAR_MLG_B_1250_3_20_0.1_1_1,0.8536651265990977,0.8254092780727394
BDT_VAR_MLG_B_1250_3_20_0.1_5_0.25,0.8450952236759799,0.8259489868842291
BDT_VAR_MLG_B_1250_3_20_0.1_5_0.5,0.8467996959487991,0.8258977376700025
BDT_VAR_MLG_B_1250_3_20_0.1_5_1,0.8490397436578079,0.8254711736289491
BDT_VAR_MLG_B_1250_3_20_0.1_10_0.25,0.8396444944512729,0.8239338135488193
BDT_VAR_MLG_B_1250_3_20_0.1_10_0.5,0.8443184543868206,0.827145117381029
BDT_VAR_MLG_B_1250_3_20_0.1_10_1,0.8437289852923051,0.8228007021274121
BDT_VAR_MLG_B_1250_3_20_0.1_20_0.25,0.8307803106523571,0.8141641234743179
BDT_VAR_MLG_B_1250_3_20_0.1_20_0.5,0.82994544999231,0.8121831703637735
BDT_VAR_MLG_B_1250_3_20_0.1_20_1,0.830755688921257,0.8139270042809014
BDT_VAR_MLG_B_1250_4_20_0.01_1_0.25,0.838769437808762,0.8207646553697076
BDT_VAR_MLG_B_1250_4_20_0.01_1_0.5,0.838813443969716,0.8203632498064591
BDT_VAR_MLG_B_1250_4_20_0.01_1_1,0.8393530462920127,0.8192760501204202
BDT_VAR_MLG_B_1250_4_20_0.01_5_0.25,0.8314750012258576,0.815417000532839
BDT_VAR_MLG_B_1250_4_20_0.01_5_0.5,0.8340074924396701,0.8166989063510176
BDT_VAR_MLG_B_1250_4_20_0.01_5_1,0.8345215891565362,0.8162348048783503
BDT_VAR_MLG_B_1250_4_20_0.01_10_0.25,0.8255279298840321,0.8091936890743188
BDT_VAR_MLG_B_1250_4_20_0.01_10_0.5,0.8285193402066924,0.8117891574963583
BDT_VAR_MLG_B_1250_4_20_0.01_10_1,0.8287831842530585,0.8099906159182769
BDT_VAR_MLG_B_1250_4_20_0.01_20_0.25,0.8202900771525261,0.8056733837305691
BDT_VAR_MLG_B_1250_4_20_0.01_20_0.5,0.8211314846491027,0.8044268609656274
BDT_VAR_MLG_B_1250_4_20_0.01_20_1,0.8196567596093366,0.802750205322207
BDT_VAR_MLG_B_1250_4_20_0.05_1_0.25,0.8547943658280633,0.8291278302786542
BDT_VAR_MLG_B_1250_4_20_0.05_1_0.5,0.8556706407879072,0.8273218786461818
BDT_VAR_MLG_B_1250_4_20_0.05_1_1,0.8565762470257235,0.8259911704715578
BDT_VAR_MLG_B_1250_4_20_0.05_5_0.25,0.8461270060222648,0.826680665919383
BDT_VAR_MLG_B_1250_4_20_0.05_5_0.5,0.848038679292853,0.8274904689342195
BDT_VAR_MLG_B_1250_4_20_0.05_5_1,0.8487289415223646,0.8239057939217992
BDT_VAR_MLG_B_1250_4_20_0.05_10_0.25,0.83786854743653,0.821598479689025
BDT_VAR_MLG_B_1250_4_20_0.05_10_0.5,0.8403974371490066,0.821783497534714
BDT_VAR_MLG_B_1250_4_20_0.05_10_1,0.8415771271546224,0.8202922789709101
BDT_VAR_MLG_B_1250_4_20_0.05_20_0.25,0.8302254787083614,0.8157977891482975
BDT_VAR_MLG_B_1250_4_20_0.05_20_0.5,0.8284378455162495,0.8101193802135306
BDT_VAR_MLG_B_1250_4_20_0.05_20_1,0.8268451834594611,0.8078084862509873
BDT_VAR_MLG_B_1250_4_20_0.1_1_0.25,0.8608860187922831,0.8208127873236076
BDT_VAR_MLG_B_1250_4_20_0.1_1_0.5,0.8621916839761821,0.8260035668255771
BDT_VAR_MLG_B_1250_4_20_0.1_1_1,0.865563443216065,0.8286909507636326
BDT_VAR_MLG_B_1250_4_20_0.1_5_0.25,0.8519499715100238,0.8286611423648941
BDT_VAR_MLG_B_1250_4_20_0.1_5_0.5,0.8534042198401738,0.8286208519719992
BDT_VAR_MLG_B_1250_4_20_0.1_5_1,0.8547691592653974,0.8242610161501922
BDT_VAR_MLG_B_1250_4_20_0.1_10_0.25,0.842566793675599,0.8245518567074852
BDT_VAR_MLG_B_1250_4_20_0.1_10_0.5,0.845627586372652,0.8248901574265814
BDT_VAR_MLG_B_1250_4_20_0.1_10_1,0.8457521083100304,0.8249439654913525
BDT_VAR_MLG_B_1250_4_20_0.1_20_0.25,0.8307803106523571,0.8141641234743179
BDT_VAR_MLG_B_1250_4_20_0.1_20_0.5,0.82994544999231,0.8121831703637735
BDT_VAR_MLG_B_1250_4_20_0.1_20_1,0.830755688921257,0.8139270042809014
BDT_VAR_MLG_B_1250_5_20_0.01_1_0.25,0.8443048677451688,0.8238596709384748
BDT_VAR_MLG_B_1250_5_20_0.01_1_0.5,0.8446133687932224,0.8234127322542015
BDT_VAR_MLG_B_1250_5_20_0.01_1_1,0.8444317802981893,0.8220172077741009
BDT_VAR_MLG_B_1250_5_20_0.01_5_0.25,0.8339238098197771,0.8169372074866275
BDT_VAR_MLG_B_1250_5_20_0.01_5_0.5,0.8354142799142416,0.8177507447053595
BDT_VAR_MLG_B_1250_5_20_0.01_5_1,0.835981276795036,0.8171056703022961
BDT_VAR_MLG_B_1250_5_20_0.01_10_0.25,0.8258507608476253,0.8090029715038214
BDT_VAR_MLG_B_1250_5_20_0.01_10_0.5,0.8286620636747632,0.8118922359619469
BDT_VAR_MLG_B_1250_5_20_0.01_10_1,0.8287978832460979,0.8098938342337976
BDT_VAR_MLG_B_1250_5_20_0.01_20_0.25,0.8202900771525261,0.8056733837305691
BDT_VAR_MLG_B_1250_5_20_0.01_20_0.5,0.8211314846491027,0.8044268609656274
BDT_VAR_MLG_B_1250_5_20_0.01_20_1,0.8196567596093366,0.802750205322207
BDT_VAR_MLG_B_1250_5_20_0.05_1_0.25,0.8617475214289276,0.8288332498509512
BDT_VAR_MLG_B_1250_5_20_0.05_1_0.5,0.8642261654671352,0.8305803779808526
BDT_VAR_MLG_B_1250_5_20_0.05_1_1,0.8649504279862105,0.8279790631367572
BDT_VAR_MLG_B_1250_5_20_0.05_5_0.25,0.8493052683458546,0.8264318093181563
BDT_VAR_MLG_B_1250_5_20_0.05_5_0.5,0.850819739837849,0.825280854323982
BDT_VAR_MLG_B_1250_5_20_0.05_5_1,0.8515954833298817,0.8252139624617957
BDT_VAR_MLG_B_1250_5_20_0.05_10_0.25,0.837980424931424,0.8219987256234129
BDT_VAR_MLG_B_1250_5_20_0.05_10_0.5,0.8407554614982495,0.8210390977173306
BDT_VAR_MLG_B_1250_5_20_0.05_10_1,0.841906725198395,0.8207512532007096
BDT_VAR_MLG_B_1250_5_20_0.05_20_0.25,0.8302254787083614,0.8157977891482975
BDT_VAR_MLG_B_1250_5_20_0.05_20_0.5,0.8284378455162495,0.8101193802135306
BDT_VAR_MLG_B_1250_5_20_0.05_20_1,0.8268451834594611,0.8078084862509873
BDT_VAR_MLG_B_1250_5_20_0.1_1_0.25,0.8706891971283343,0.816397535218822
BDT_VAR_MLG_B_1250_5_20_0.1_1_0.5,0.873953078662373,0.8203819677490741
BDT_VAR_MLG_B_1250_5_20_0.1_1_1,0.8750446678825383,0.8254647910538024
BDT_VAR_MLG_B_1250_5_20_0.1_5_0.25,0.8549205843863231,0.8276725760113026
BDT_VAR_MLG_B_1250_5_20_0.1_5_0.5,0.8574983512728978,0.8274708108702781
BDT_VAR_MLG_B_1250_5_20_0.1_5_1,0.8588801924380701,0.8255019632403439
BDT_VAR_MLG_B_1250_5_20_0.1_10_0.25,0.8437736760821964,0.8237162491347992
BDT_VAR_MLG_B_1250_5_20_0.1_10_0.5,0.8461800514295709,0.8243118567645705
BDT_VAR_MLG_B_1250_5_20_0.1_10_1,0.8465412381574601,0.824938872233385
BDT_VAR_MLG_B_1250_5_20_0.1_20_0.25,0.8307803106523571,0.8141641234743179
BDT_VAR_MLG_B_1250_5_20_0.1_20_0.5,0.82994544999231,0.8121831703637735
BDT_VAR_MLG_B_1250_5_20_0.1_20_1,0.830755688921257,0.8139270042809014
BDT_VAR_MLG_B_1250_6_20_0.01_1_0.25,0.8488213697187615,0.8262953026522041
BDT_VAR_MLG_B_1250_6_20_0.01_1_0.5,0.8487315675601181,0.8256858112607348
BDT_VAR_MLG_B_1250_6_20_0.01_1_1,0.8485185114941988,0.8247162202900625
BDT_VAR_MLG_B_1250_6_20_0.01_5_0.25,0.8343579134478054,0.8175573296591737
BDT_VAR_MLG_B_1250_6_20_0.01_5_0.5,0.836310137822353,0.818387423163784
BDT_VAR_MLG_B_1250_6_20_0.01_5_1,0.8370578678503422,0.8173024225910447
BDT_VAR_MLG_B_1250_6_20_0.01_10_0.25,0.8257060651366998,0.809225365896105
BDT_VAR_MLG_B_1250_6_20_0.01_10_0.5,0.8285758191021249,0.8120852060395903
BDT_VAR_MLG_B_1250_6_20_0.01_10_1,0.8288820373901364,0.810076551212565
BDT_VAR_MLG_B_1250_6_20_0.01_20_0.25,0.8202900771525261,0.8056733837305691
BDT_VAR_MLG_B_1250_6_20_0.01_20_0.5,0.8211314846491027,0.8044268609656274
BDT_VAR_MLG_B_1250_6_20_0.01_20_1,0.8196567596093366,0.802750205322207
BDT_VAR_MLG_B_1250_6_20_0.05_1_0.25,0.8702578980373854,0.8272747395838073
BDT_VAR_MLG_B_1250_6_20_0.05_1_0.5,0.8717506544216119,0.8286025031600629
BDT_VAR_MLG_B_1250_6_20_0.05_1_1,0.872652464270541,0.8276691122815769
BDT_VAR_MLG_B_1250_6_20_0.05_5_0.25,0.8510083167257757,0.8302548080910281
BDT_VAR_MLG_B_1250_6_20_0.05_5_0.5,0.8523055135382008,0.8278409365309122
BDT_VAR_MLG_B_1250_6_20_0.05_5_1,0.8528825969563382,0.824977066451186
BDT_VAR_MLG_B_1250_6_20_0.05_10_0.25,0.838237613586933,0.8218538853723766
BDT_VAR_MLG_B_1250_6_20_0.05_10_0.5,0.8410171445050656,0.8217581616037188
BDT_VAR_MLG_B_1250_6_20_0.05_10_1,0.8416381184776353,0.8197111537314815
BDT_VAR_MLG_B_1250_6_20_0.05_20_0.25,0.8302254787083614,0.8157977891482975
BDT_VAR_MLG_B_1250_6_20_0.05_20_0.5,0.8284378455162495,0.8101193802135306
BDT_VAR_MLG_B_1250_6_20_0.05_20_1,0.8268451834594611,0.8078084862509873
BDT_VAR_MLG_B_1250_6_20_0.1_1_0.25,0.8820403843883078,0.8139276896742479
BDT_VAR_MLG_B_1250_6_20_0.1_1_0.5,0.8840044842595797,0.8196377658464213
BDT_VAR_MLG_B_1250_6_20_0.1_1_1,0.8863694936172304,0.824452405727909
BDT_VAR_MLG_B_1250_6_20_0.1_5_0.25,0.8552142306177613,0.8243045878284117
BDT_VAR_MLG_B_1250_6_20_0.1_5_0.5,0.8590926116708667,0.8300724667066683
BDT_VAR_MLG_B_1250_6_20_0.1_5_1,0.8607095071095124,0.8266899727653194
BDT_VAR_MLG_B_1250_6_20_0.1_10_0.25,0.8429104443465965,0.8256156553068241
BDT_VAR_MLG_B_1250_6_20_0.1_10_0.5,0.8466413472588104,0.8241512367128055
BDT_VAR_MLG_B_1250_6_20_0.1_10_1,0.8464838319833414,0.825618938664086
BDT_VAR_MLG_B_1250_6_20_0.1_20_0.25,0.8307803106523571,0.8141641234743179
BDT_VAR_MLG_B_1250_6_20_0.1_20_0.5,0.82994544999231,0.8121831703637735
BDT_VAR_MLG_B_1250_6_20_0.1_20_1,0.830755688921257,0.8139270042809014
BDT_VAR_MLG_B_1500_3_20_0.01_1_0.25,0.833264441868984,0.814904691250781
BDT_VAR_MLG_B_1500_3_20_0.01_1_0.5,0.8335601645505876,0.8152974293720433
BDT_VAR_MLG_B_1500_3_20_0.01_1_1,0.8345568085970645,0.8147268254369411
BDT_VAR_MLG_B_1500_3_20_0.01_5_0.25,0.8291872635012508,0.8142328438356824
BDT_VAR_MLG_B_1500_3_20_0.01_5_0.5,0.8315271509170042,0.8148942072607334
BDT_VAR_MLG_B_1500_3_20_0.01_5_1,0.8324792993806661,0.8144444221031408
BDT_VAR_MLG_B_1500_3_20_0.01_10_0.25,0.827528514502513,0.8118124356834882
BDT_VAR_MLG_B_1500_3_20_0.01_10_0.5,0.8291338552855364,0.813111129589783
BDT_VAR_MLG_B_1500_3_20_0.01_10_1,0.8287608202726816,0.8102733724924509
BDT_VAR_MLG_B_1500_3_20_0.01_20_0.25,0.8221252927568019,0.8073384738147118
BDT_VAR_MLG_B_1500_3_20_0.01_20_0.5,0.8221795733255881,0.8050369270693816
BDT_VAR_MLG_B_1500_3_20_0.01_20_1,0.8215194654796877,0.8045507966054043
BDT_VAR_MLG_B_1500_3_20_0.05_1_0.25,0.8484559137866275,0.8243432102595374
BDT_VAR_MLG_B_1500_3_20_0.05_1_0.5,0.8486318222813166,0.8252026437863256
BDT_VAR_MLG_B_1500_3_20_0.05_1_1,0.8496922996711056,0.8248467161787043
BDT_VAR_MLG_B_1500_3_20_0.05_5_0.25,0.8434036409327977,0.8256797057195727
BDT_VAR_MLG_B_1500_3_20_0.05_5_0.5,0.8442376053962083,0.8245049375642117
BDT_VAR_MLG_B_1500_3_20_0.05_5_1,0.8461842913286288,0.8238938523212527
BDT_VAR_MLG_B_1500_3_20_0.05_10_0.25,0.8386450544214289,0.8226405685703586
BDT_VAR_MLG_B_1500_3_20_0.05_10_0.5,0.8397984048875905,0.8228651239966668
BDT_VAR_MLG_B_1500_3_20_0.05_10_1,0.8410144259484619,0.8214223921772404
BDT_VAR_MLG_B_1500_3_20_0.05_20_0.25,0.8315203039494372,0.8171960896313717
BDT_VAR_MLG_B_1500_3_20_0.05_20_0.5,0.8283394598387431,0.8094473508627775
BDT_VAR_MLG_B_1500_3_20_0.05_20_1,0.8283088184383438,0.8100304610374922
BDT_VAR_MLG_B_1500_3_20_0.1_1_0.25,0.8531941967366515,0.8270276348766782
BDT_VAR_MLG_B_1500_3_20_0.1_1_0.5,0.8541638280736816,0.8234905040956633
BDT_VAR_MLG_B_1500_3_20_0.1_1_1,0.8560780102073519,0.8262448967048039
BDT_VAR_MLG_B_1500_3_20_0.1_5_0.25,0.8476377915909401,0.8266888035858854
BDT_VAR_MLG_B_1500_3_20_0.1_5_0.5,0.8492583300084056,0.8268421113224008
BDT_VAR_MLG_B_1500_3_20_0.1_5_1,0.8505633026706161,0.8264976501043012
BDT_VAR_MLG_B_1500_3_20_0.1_10_0.25,0.842015982021403,0.8248213153182107
BDT_VAR_MLG_B_1500_3_20_0.1_10_0.5,0.8446817364157789,0.8266546877395288
BDT_VAR_MLG_B_1500_3_20_0.1_10_1,0.8454498583883777,0.8235548743541348
BDT_VAR_MLG_B_1500_3_20_0.1_20_0.25,0.8323829913392574,0.8159194329694682
BDT_VAR_MLG_B_1500_3_20_0.1_20_0.5,0.8295227457078721,0.8119969838209881
BDT_VAR_MLG_B_1500_3_20_0.1_20_1,0.8317395572746484,0.8157403102712488
BDT_VAR_MLG_B_1500_4_20_0.01_1_0.25,0.8412316927975029,0.822000621945228
BDT_VAR_MLG_B_1500_4_20_0.01_1_0.5,0.8409670863163271,0.822267035245644
BDT_VAR_MLG_B_1500_4_20_0.01_1_1,0.8413918002138958,0.8206589877853435
BDT_VAR_MLG_B_1500_4_20_0.01_5_0.25,0.8341729681173524,0.8180336617987094
BDT_VAR_MLG_B_1500_4_20_0.01_5_0.5,0.8356760399388488,0.8181087984981823
BDT_VAR_MLG_B_1500_4_20_0.01_5_1,0.8361894817543696,0.8174224912237158
BDT_VAR_MLG_B_1500_4_20_0.01_10_0.25,0.8275525415077942,0.8109147746984547
BDT_VAR_MLG_B_1500_4_20_0.01_10_0.5,0.8298505822970463,0.8128916679555703
BDT_VAR_MLG_B_1500_4_20_0.01_10_1,0.8301513459953829,0.8114342372205015
BDT_VAR_MLG_B_1500_4_20_0.01_20_0.25,0.8221252927568019,0.8073384738147118
BDT_VAR_MLG_B_1500_4_20_0.01_20_0.5,0.8221795733255881,0.8050369270693816
BDT_VAR_MLG_B_1500_4_20_0.01_20_1,0.8215194654796877,0.8045507966054043
BDT_VAR_MLG_B_1500_4_20_0.05_1_0.25,0.8571490717704797,0.8300458848616882
BDT_VAR_MLG_B_1500_4_20_0.05_1_0.5,0.8580034660547101,0.8278771994488463
BDT_VAR_MLG_B_1500_4_20_0.05_1_1,0.8588499810538748,0.8264136428081498
BDT_VAR_MLG_B_1500_4_20_0.05_5_0.25,0.8486476578516851,0.8275440241801802
BDT_VAR_MLG_B_1500_4_20_0.05_5_0.5,0.8498186815834321,0.8278711955795494
BDT_VAR_MLG_B_1500_4_20_0.05_5_1,0.8506926422997486,0.8258098037090181
BDT_VAR_MLG_B_1500_4_20_0.05_10_0.25,0.8396324125681242,0.8222300141912046
BDT_VAR_MLG_B_1500_4_20_0.05_10_0.5,0.8416609966176585,0.8235247962347455
BDT_VAR_MLG_B_1500_4_20_0.05_10_1,0.8430387023358933,0.8216962457695413
BDT_VAR_MLG_B_1500_4_20_0.05_20_0.25,0.8315203039494372,0.8171960896313717
BDT_VAR_MLG_B_1500_4_20_0.05_20_0.5,0.8283394598387431,0.8094473508627775
BDT_VAR_MLG_B_1500_4_20_0.05_20_1,0.8283088184383438,0.8100304610374922
BDT_VAR_MLG_B_1500_4_20_0.1_1_0.25,0.8635073371995688,0.8210847496189332
BDT_VAR_MLG_B_1500_4_20_0.1_1_0.5,0.8653756018969626,0.8244568562601139
BDT_VAR_MLG_B_1500_4_20_0.1_1_1,0.8685061350759735,0.8285800283088415
BDT_VAR_MLG_B_1500_4_20_0.1_5_0.25,0.8538505396081045,0.8277990331561805
BDT_VAR_MLG_B_1500_4_20_0.1_5_0.5,0.8561692440040507,0.828010505334559
BDT_VAR_MLG_B_1500_4_20_0.1_5_1,0.8569917530249056,0.824896737193957
BDT_VAR_MLG_B_1500_4_20_0.1_10_0.25,0.8448192085294384,0.8242270722613286
BDT_VAR_MLG_B_1500_4_20_0.1_10_0.5,0.8468409343649671,0.8264372069670596
BDT_VAR_MLG_B_1500_4_20_0.1_10_1,0.8477336196512706,0.8256865519669451
BDT_VAR_MLG_B_1500_4_20_0.1_20_0.25,0.8323829913392574,0.8159194329694682
BDT_VAR_MLG_B_1500_4_20_0.1_20_0.5,0.8295227457078721,0.8119969838209881
BDT_VAR_MLG_B_1500_4_20_0.1_20_1,0.8317395572746484,0.8157403102712488
BDT_VAR_MLG_B_1500_5_20_0.01_1_0.25,0.8469084292093703,0.8253209693582745
BDT_VAR_MLG_B_1500_5_20_0.01_1_0.5,0.8466365097003902,0.8246651736866868
BDT_VAR_MLG_B_1500_5_20_0.01_1_1,0.8466790199136468,0.8231234774752254
BDT_VAR_MLG_B_1500_5_20_0.01_5_0.25,0.8362776988670251,0.819160635351466
BDT_VAR_MLG_B_1500_5_20_0.01_5_0.5,0.8373810195118205,0.8193928804392566
BDT_VAR_MLG_B_1500_5_20_0.01_5_1,0.8378597947751164,0.8185532001879748
BDT_VAR_MLG_B_1500_5_20_0.01_10_0.25,0.8278944308236781,0.8106636061789604
BDT_VAR_MLG_B_1500_5_20_0.01_10_0.5,0.8300496869684034,0.8129178343804413
BDT_VAR_MLG_B_1500_5_20_0.01_10_1,0.8302172352844639,0.8112012354635488
BDT_VAR_MLG_B_1500_5_20_0.01_20_0.25,0.8221252927568019,0.8073384738147118
BDT_VAR_MLG_B_1500_5_20_0.01_20_0.5,0.8221795733255881,0.8050369270693816
BDT_VAR_MLG_B_1500_5_20_0.01_20_1,0.8215194654796877,0.8045507966054043
BDT_VAR_MLG_B_1500_5_20_0.05_1_0.25,0.8649895132893467,0.8285089452212162
BDT_VAR_MLG_B_1500_5_20_0.05_1_0.5,0.8676086733350103,0.8317524421587756
BDT_VAR_MLG_B_1500_5_20_0.05_1_1,0.8681757341542373,0.8282394683012403
BDT_VAR_MLG_B_1500_5_20_0.05_5_0.25,0.852220929015361,0.82869279663203
BDT_VAR_MLG_B_1500_5_20_0.05_5_0.5,0.8529869652111325,0.8262613997826039
BDT_VAR_MLG_B_1500_5_20_0.05_5_1,0.8538850842529885,0.8269090486510338
BDT_VAR_MLG_B_1500_5_20_0.05_10_0.25,0.8400844470340734,0.8236006986854786
BDT_VAR_MLG_B_1500_5_20_0.05_10_0.5,0.8419984488808169,0.8226195925654791
BDT_VAR_MLG_B_1500_5_20_0.05_10_1,0.84352119182628,0.8226094750448298
BDT_VAR_MLG_B_1500_5_20_0.05_20_0.25,0.8315203039494372,0.8171960896313717
BDT_VAR_MLG_B_1500_5_20_0.05_20_0.5,0.8283394598387431,0.8094473508627775
BDT_VAR_MLG_B_1500_5_20_0.05_20_1,0.8283088184383438,0.8100304610374922
BDT_VAR_MLG_B_1500_5_20_0.1_1_0.25,0.8748223809635691,0.8149084164183451
BDT_VAR_MLG_B_1500_5_20_0.1_1_0.5,0.8785099672973556,0.8203055620573816
BDT_VAR_MLG_B_1500_5_20_0.1_1_1,0.8793167229361905,0.8253361852264974
BDT_VAR_MLG_B_1500_5_20_0.1_5_0.25,0.8573936308518458,0.8278766763794031
BDT_VAR_MLG_B_1500_5_20_0.1_5_0.5,0.8600574937848247,0.8275164094634934
BDT_VAR_MLG_B_1500_5_20_0.1_5_1,0.8613432057613511,0.8258820264529807
BDT_VAR_MLG_B_1500_5_20_0.1_10_0.25,0.8459190210011863,0.8236715517642568
BDT_VAR_MLG_B_1500_5_20_0.1_10_0.5,0.847888450479033,0.8251207316350874
BDT_VAR_MLG_B_1500_5_20_0.1_10_1,0.8482724703961035,0.8254330998295535
BDT_VAR_MLG_B_1500_5_20_0.1_20_0.25,0.8323829913392574,0.8159194329694682
BDT_VAR_MLG_B_1500_5_20_0.1_20_0.5,0.8295227457078721,0.8119969838209881
BDT_VAR_MLG_B_1500_5_20_0.1_20_1,0.8317395572746484,0.8157403102712488
BDT_VAR_MLG_B_1500_6_20_0.01_1_0.25,0.8512647849209193,0.8271362656067949
BDT_VAR_MLG_B_1500_6_20_0.01_1_0.5,0.8509336157419616,0.8269773955664752
BDT_VAR_MLG_B_1500_6_20_0.01_1_1,0.8508885316062907,0.8261992624864084
BDT_VAR_MLG_B_1500_6_20_0.01_5_0.25,0.8368639656640166,0.8196110657729311
BDT_VAR_MLG_B_1500_6_20_0.01_5_0.5,0.8381747266833555,0.8199830327080049
BDT_VAR_MLG_B_1500_6_20_0.01_5_1,0.8387640240496835,0.8186315991738531
BDT_VAR_MLG_B_1500_6_20_0.01_10_0.25,0.8277430210586779,0.8109872199832833
BDT_VAR_MLG_B_1500_6_20_0.01_10_0.5,0.8299624409559905,0.8130372384469704
BDT_VAR_MLG_B_1500_6_20_0.01_10_1,0.8303948854740235,0.8115142375585546
BDT_VAR_MLG_B_1500_6_20_0.01_20_0.25,0.8221252927568019,0.8073384738147118
BDT_VAR_MLG_B_1500_6_20_0.01_20_0.5,0.8221795733255881,0.8050369270693816
BDT_VAR_MLG_B_1500_6_20_0.01_20_1,0.8215194654796877,0.8045507966054043
BDT_VAR_MLG_B_1500_6_20_0.05_1_0.25,0.874168672790522,0.8263555216655787
BDT_VAR_MLG_B_1500_6_20_0.05_1_0.5,0.8757929409721118,0.8281682086026385
BDT_VAR_MLG_B_1500_6_20_0.05_1_1,0.8764443484035419,0.8274097053592282
BDT_VAR_MLG_B_1500_6_20_0.05_5_0.25,0.8542477507273913,0.8318213309520964
BDT_VAR_MLG_B_1500_6_20_0.05_5_0.5,0.8548304324649979,0.8277551551955455
BDT_VAR_MLG_B_1500_6_20_0.05_5_1,0.8553280972948959,0.8269493866070148
BDT_VAR_MLG_B_1500_6_20_0.05_10_0.25,0.8403552229162513,0.8231473161983558
BDT_VAR_MLG_B_1500_6_20_0.05_10_0.5,0.842470089937922,0.8233559176583507
BDT_VAR_MLG_B_1500_6_20_0.05_10_1,0.8435717129150063,0.8215738057338591
BDT_VAR_MLG_B_1500_6_20_0.05_20_0.25,0.8315203039494372,0.8171960896313717
BDT_VAR_MLG_B_1500_6_20_0.05_20_0.5,0.8283394598387431,0.8094473508627775
BDT_VAR_MLG_B_1500_6_20_0.05_20_1,0.8283088184383438,0.8100304610374922
BDT_VAR_MLG_B_1500_6_20_0.1_1_0.25,0.8867023707461608,0.812477936878714
BDT_VAR_MLG_B_1500_6_20_0.1_1_0.5,0.8891170389767661,0.8173965049263834
BDT_VAR_MLG_B_1500_6_20_0.1_1_1,0.8913411505108354,0.823230294445712
BDT_VAR_MLG_B_1500_6_20_0.1_5_0.25,0.8579822474008586,0.8237398618433792
BDT_VAR_MLG_B_1500_6_20_0.1_5_0.5,0.8618623027817855,0.8294926907007506
BDT_VAR_MLG_B_1500_6_20_0.1_5_1,0.863442834715146,0.8272556985900399
BDT_VAR_MLG_B_1500_6_20_0.1_10_0.25,0.8453809255606505,0.8252633010689243
BDT_VAR_MLG_B_1500_6_20_0.1_10_0.5,0.848713658745846,0.8258253774041678
BDT_VAR_MLG_B_1500_6_20_0.1_10_1,0.8485465301764962,0.8266851499423832
BDT_VAR_MLG_B_1500_6_20_0.1_20_0.25,0.8323829913392574,0.8159194329694682
BDT_VAR_MLG_B_1500_6_20_0.1_20_0.5,0.8295227457078721,0.8119969838209881
BDT_VAR_MLG_B_1500_6_20_0.1_20_1,0.8317395572746484,0.8157403102712488
BDT_VAR_MLG_B_2000_3_20_0.01_1_0.25,0.8364845986315633,0.8180882822735192
BDT_VAR_MLG_B_2000_3_20_0.01_1_0.5,0.8372118393289,0.8184517325862999
BDT_VAR_MLG_B_2000_3_20_0.01_1_1,0.837870436402512,0.8176267495898457
BDT_VAR_MLG_B_2000_3_20_0.01_5_0.25,0.8328101242706004,0.8178707067611022
BDT_VAR_MLG_B_2000_3_20_0.01_5_0.5,0.8348431963380174,0.8174772994853828
BDT_VAR_MLG_B_2000_3_20_0.01_5_1,0.8353301088012537,0.8170186114546295
BDT_VAR_MLG_B_2000_3_20_0.01_10_0.25,0.8301708606495453,0.8138039176002413
BDT_VAR_MLG_B_2000_3_20_0.01_10_0.5,0.8314356686838332,0.8148041394632203
BDT_VAR_MLG_B_2000_3_20_0.01_10_1,0.8313758793653402,0.8127847192548094
BDT_VAR_MLG_B_2000_3_20_0.01_20_0.25,0.8241458920783236,0.8091749298237151
BDT_VAR_MLG_B_2000_3_20_0.01_20_0.5,0.8242434279105985,0.8071165956393309
BDT_VAR_MLG_B_2000_3_20_0.01_20_1,0.8233796246363811,0.8060868487729048
BDT_VAR_MLG_B_2000_3_20_0.05_1_0.25,0.8506141092464733,0.8246261914554547
BDT_VAR_MLG_B_2000_3_20_0.05_1_0.5,0.8516733924838237,0.8262486912851126
BDT_VAR_MLG_B_2000_3_20_0.05_1_1,0.8525502695510723,0.8253020233076384
BDT_VAR_MLG_B_2000_3_20_0.05_5_0.25,0.8458975499847815,0.8284061390250437
BDT_VAR_MLG_B_2000_3_20_0.05_5_0.5,0.8470339047629598,0.8257573743895639
BDT_VAR_MLG_B_2000_3_20_0.05_5_1,0.8482390877272271,0.8242156126284322
BDT_VAR_MLG_B_2000_3_20_0.05_10_0.25,0.8410034119612937,0.8249665718889867
BDT_VAR_MLG_B_2000_3_20_0.05_10_0.5,0.842499887365366,0.8255081605038763
BDT_VAR_MLG_B_2000_3_20_0.05_10_1,0.8431003474438367,0.8227244776958034
BDT_VAR_MLG_B_2000_3_20_0.05_20_0.25,0.8312063700659543,0.8174327001403605
BDT_VAR_MLG_B_2000_3_20_0.05_20_0.5,0.829716424642583,0.8115585838597648
BDT_VAR_MLG_B_2000_3_20_0.05_20_1,0.8292353279246832,0.8115894235673327
BDT_VAR_MLG_B_2000_3_20_0.1_1_0.25,0.8556156814974142,0.8254231477690637
BDT_VAR_MLG_B_2000_3_20_0.1_1_0.5,0.857436615471973,0.8232333280608504
BDT_VAR_MLG_B_2000_3_20_0.1_1_1,0.8585149409097782,0.8241186196784427
BDT_VAR_MLG_B_2000_3_20_0.1_5_0.25,0.8498120684766372,0.829386492752209
BDT_VAR_MLG_B_2000_3_20_0.1_5_0.5,0.8518062994678289,0.8275432609320841
BDT_VAR_MLG_B_2000_3_20_0.1_5_1,0.853076985995186,0.8258679249725727
BDT_VAR_MLG_B_2000_3_20_0.1_10_0.25,0.8440614125355005,0.8252823652218155
BDT_VAR_MLG_B_2000_3_20_0.1_10_0.5,0.8472687086379452,0.8272678328140214
BDT_VAR_MLG_B_2000_3_20_0.1_10_1,0.8471749923525138,0.8251619386790393
BDT_VAR_MLG_B_2000_3_20_0.1_20_0.25,0.8320199380460115,0.8163617240771674
BDT_VAR_MLG_B_2000_3_20_0.1_20_0.5,0.8312821003627993,0.8126503426918269
BDT_VAR_MLG_B_2000_3_20_0.1_20_1,0.8330800491612066,0.817069997033558
BDT_VAR_MLG_B_2000_4_20_0.01_1_0.25,0.8440181889844772,0.8242241852139662
BDT_VAR_MLG_B_2000_4_20_0.01_1_0.5,0.8443287098471574,0.8247327862154277
BDT_VAR_MLG_B_2000_4_20_0.01_1_1,0.8446939388837972,0.8230825751550412
BDT_VAR_MLG_B_2000_4_20_0.01_5_0.25,0.8371370934656908,0.8210439407149464
BDT_VAR_MLG_B_2000_4_20_0.01_5_0.5,0.8390534405097985,0.8210823406873572
BDT_VAR_MLG_B_2000_4_20_0.01_5_1,0.8391968752587814,0.8197335352976788
BDT_VAR_MLG_B_2000_4_20_0.01_10_0.25,0.830468584355597,0.8133644568856997
BDT_VAR_MLG_B_2000_4_20_0.01_10_0.5,0.8323955639240654,0.8148541048181013
BDT_VAR_MLG_B_2000_4_20_0.01_10_1,0.8327733742319825,0.813712574515783
BDT_VAR_MLG_B_2000_4_20_0.01_20_0.25,0.8241458920783236,0.8091749298237151
BDT_VAR_MLG_B_2000_4_20_0.01_20_0.5,0.8242434279105985,0.8071165956393309
BDT_VAR_MLG_B_2000_4_20_0.01_20_1,0.8233796246363811,0.8060868487729048
BDT_VAR_MLG_B_2000_4_20_0.05_1_0.25,0.8608826062334138,0.8295821030180047
BDT_VAR_MLG_B_2000_4_20_0.05_1_0.5,0.8620323964848285,0.8278779373001208
BDT_VAR_MLG_B_2000_4_20_0.05_1_1,0.862153126703732,0.8257333561631242
BDT_VAR_MLG_B_2000_4_20_0.05_5_0.25,0.8515126822477497,0.8292444328806083
BDT_VAR_MLG_B_2000_4_20_0.05_5_0.5,0.853286630411314,0.8293876654970764
BDT_VAR_MLG_B_2000_4_20_0.05_5_1,0.8533770732718576,0.8255543659180202
BDT_VAR_MLG_B_2000_4_20_0.05_10_0.25,0.841996476308743,0.824214203190293
BDT_VAR_MLG_B_2000_4_20_0.05_10_0.5,0.8443978683941091,0.8253806679667103
BDT_VAR_MLG_B_2000_4_20_0.05_10_1,0.8451272644984276,0.8229872694099899
BDT_VAR_MLG_B_2000_4_20_0.05_20_0.25,0.8312063700659543,0.8174327001403605
BDT_VAR_MLG_B_2000_4_20_0.05_20_0.5,0.829716424642583,0.8115585838597648
BDT_VAR_MLG_B_2000_4_20_0.05_20_1,0.8292353279246832,0.8115894235673327
BDT_VAR_MLG_B_2000_4_20_0.1_1_0.25,0.8668086353395219,0.8184406369728553
BDT_VAR_MLG_B_2000_4_20_0.1_1_0.5,0.870252928962651,0.8235229023848312
BDT_VAR_MLG_B_2000_4_20_0.1_1_1,0.8726431582375549,0.8265065220677476
BDT_VAR_MLG_B_2000_4_20_0.1_5_0.25,0.8565451259020392,0.8270934662128872
BDT_VAR_MLG_B_2000_4_20_0.1_5_0.5,0.8596232458369973,0.8292485523724322
BDT_VAR_MLG_B_2000_4_20_0.1_5_1,0.8600932406657923,0.8243752958403405
BDT_VAR_MLG_B_2000_4_20_0.1_10_0.25,0.8466365758104966,0.8227701705535352
BDT_VAR_MLG_B_2000_4_20_0.1_10_0.5,0.8499469786839713,0.8273368914342164
BDT_VAR_MLG_B_2000_4_20_0.1_10_1,0.8497095013263736,0.8261251285831779
BDT_VAR_MLG_B_2000_4_20_0.1_20_0.25,0.8320199380460115,0.8163617240771674
BDT_VAR_MLG_B_2000_4_20_0.1_20_0.5,0.8312821003627993,0.8126503426918269
BDT_VAR_MLG_B_2000_4_20_0.1_20_1,0.8330800491612066,0.817069997033558
BDT_VAR_MLG_B_2000_5_20_0.01_1_0.25,0.8499720373403501,0.8270853703029561
BDT_VAR_MLG_B_2000_5_20_0.01_1_0.5,0.8501989937736464,0.8266902423340656
BDT_VAR_MLG_B_2000_5_20_0.01_1_1,0.8501888563788451,0.8253526928904734
BDT_VAR_MLG_B_2000_5_20_0.01_5_0.25,0.8393593771202387,0.8224916045317165
BDT_VAR_MLG_B_2000_5_20_0.01_5_0.5,0.8411032042912406,0.8224393916394759
BDT_VAR_MLG_B_2000_5_20_0.01_5_1,0.8409825269784537,0.8208327735514542
BDT_VAR_MLG_B_2000_5_20_0.01_10_0.25,0.8306865859700812,0.8131683326502305
BDT_VAR_MLG_B_2000_5_20_0.01_10_0.5,0.8325318781922195,0.8148871851064126
BDT_VAR_MLG_B_2000_5_20_0.01_10_1,0.8328817027549557,0.8137177524737699
BDT_VAR_MLG_B_2000_5_20_0.01_20_0.25,0.8241458920783236,0.8091749298237151
BDT_VAR_MLG_B_2000_5_20_0.01_20_0.5,0.8242434279105985,0.8071165956393309
BDT_VAR_MLG_B_2000_5_20_0.01_20_1,0.8233796246363811,0.8060868487729048
BDT_VAR_MLG_B_2000_5_20_0.05_1_0.25,0.8693793912823,0.8278903007075392
BDT_VAR_MLG_B_2000_5_20_0.05_1_0.5,0.8727230496366482,0.8303812122488354
BDT_VAR_MLG_B_2000_5_20_0.05_1_1,0.8732205018186906,0.8271335168792371
BDT_VAR_MLG_B_2000_5_20_0.05_5_0.25,0.8552215408084165,0.8283722520617505
BDT_VAR_MLG_B_2000_5_20_0.05_5_0.5,0.8564989304814261,0.8275832682709856
BDT_VAR_MLG_B_2000_5_20_0.05_5_1,0.8567748132942689,0.8266234432967808
BDT_VAR_MLG_B_2000_5_20_0.05_10_0.25,0.8429582112997698,0.8260654189654636
BDT_VAR_MLG_B_2000_5_20_0.05_10_0.5,0.8446137448504314,0.8241321298494978
BDT_VAR_MLG_B_2000_5_20_0.05_10_1,0.8456368970165086,0.8244293150334213
BDT_VAR_MLG_B_2000_5_20_0.05_20_0.25,0.8312063700659543,0.8174327001403605
BDT_VAR_MLG_B_2000_5_20_0.05_20_0.5,0.829716424642583,0.8115585838597648
BDT_VAR_MLG_B_2000_5_20_0.05_20_1,0.8292353279246832,0.8115894235673327
BDT_VAR_MLG_B_2000_5_20_0.1_1_0.25,0.8796523041522885,0.8139272792214959
BDT_VAR_MLG_B_2000_5_20_0.1_1_0.5,0.8850916027013709,0.8187098216569461
BDT_VAR_MLG_B_2000_5_20_0.1_1_1,0.8862575950994658,0.8212950221261988
BDT_VAR_MLG_B_2000_5_20_0.1_5_0.25,0.8603875205715312,0.8239015621665927
BDT_VAR_MLG_B_2000_5_20_0.1_5_0.5,0.8640991524922346,0.8258614381849679
BDT_VAR_MLG_B_2000_5_20_0.1_5_1,0.8646920978198961,0.8234728065627547
BDT_VAR_MLG_B_2000_5_20_0.1_10_0.25,0.8485985314725344,0.8241679059569313
BDT_VAR_MLG_B_2000_5_20_0.1_10_0.5,0.8511639845175802,0.8256631924835728
BDT_VAR_MLG_B_2000_5_20_0.1_10_1,0.8502987118147975,0.8262004647500019
BDT_VAR_MLG_B_2000_5_20_0.1_20_0.25,0.8320199380460115,0.8163617240771674
BDT_VAR_MLG_B_2000_5_20_0.1_20_0.5,0.8312821003627993,0.8126503426918269
BDT_VAR_MLG_B_2000_5_20_0.1_20_1,0.8330800491612066,0.817069997033558
BDT_VAR_MLG_B_2000_6_20_0.01_1_0.25,0.8548352923178455,0.8288529703221084
BDT_VAR_MLG_B_2000_6_20_0.01_1_0.5,0.8550438167596748,0.8291132393642822
BDT_VAR_MLG_B_2000_6_20_0.01_1_1,0.8548604911390846,0.8279244207938438
BDT_VAR_MLG_B_2000_6_20_0.01_5_0.25,0.8400406883854643,0.8229383587188873
BDT_VAR_MLG_B_2000_6_20_0.01_5_0.5,0.8420396443488773,0.8230495531798258
BDT_VAR_MLG_B_2000_6_20_0.01_5_1,0.8419016276334843,0.8214215533555558
BDT_VAR_MLG_B_2000_6_20_0.01_10_0.25,0.8306104582556838,0.8133328140558008
BDT_VAR_MLG_B_2000_6_20_0.01_10_0.5,0.8324371456993231,0.8149740277909349
BDT_VAR_MLG_B_2000_6_20_0.01_10_1,0.8330082075993385,0.8139277608122549
BDT_VAR_MLG_B_2000_6_20_0.01_20_0.25,0.8241458920783236,0.8091749298237151
BDT_VAR_MLG_B_2000_6_20_0.01_20_0.5,0.8242434279105985,0.8071165956393309
BDT_VAR_MLG_B_2000_6_20_0.01_20_1,0.8233796246363811,0.8060868487729048
BDT_VAR_MLG_B_2000_6_20_0.05_1_0.25,0.8801154662079957,0.8246532081389062
BDT_VAR_MLG_B_2000_6_20_0.05_1_0.5,0.8822117419734729,0.8259622190586023
BDT_VAR_MLG_B_2000_6_20_0.05_1_1,0.882728141180115,0.8256173550059499
BDT_VAR_MLG_B_2000_6_20_0.05_5_0.25,0.8572343113269093,0.8321139667802255
BDT_VAR_MLG_B_2000_6_20_0.05_5_0.5,0.858592103536193,0.8291189599389748
BDT_VAR_MLG_B_2000_6_20_0.05_5_1,0.8587174202070903,0.8267534647392937
BDT_VAR_MLG_B_2000_6_20_0.05_10_0.25,0.8429352919362483,0.8254176799383302
BDT_VAR_MLG_B_2000_6_20_0.05_10_0.5,0.8453788329431925,0.8248048754881889
BDT_VAR_MLG_B_2000_6_20_0.05_10_1,0.8454398486799424,0.8227444071211494
BDT_VAR_MLG_B_2000_6_20_0.05_20_0.25,0.8312063700659543,0.8174327001403605
BDT_VAR_MLG_B_2000_6_20_0.05_20_0.5,0.829716424642583,0.8115585838597648
BDT_VAR_MLG_B_2000_6_20_0.05_20_1,0.8292353279246832,0.8115894235673327
BDT_VAR_MLG_B_2000_6_20_0.1_1_0.25,0.8934518985606102,0.8096461153971948
BDT_VAR_MLG_B_2000_6_20_0.1_1_0.5,0.8975775512070392,0.817472032234321
BDT_VAR_MLG_B_2000_6_20_0.1_1_1,0.9001395537137329,0.819593542122329
BDT_VAR_MLG_B_2000_6_20_0.1_5_0.25,0.8613885118234058,0.8221202695001527
BDT_VAR_MLG_B_2000_6_20_0.1_5_0.5,0.8660183941643347,0.8299645497497993
BDT_VAR_MLG_B_2000_6_20_0.1_5_1,0.8673150986460295,0.8256712967780561
BDT_VAR_MLG_B_2000_6_20_0.1_10_0.25,0.8475116568197709,0.8260051269268535
BDT_VAR_MLG_B_2000_6_20_0.1_10_0.5,0.8514894609850794,0.8260397762084551
BDT_VAR_MLG_B_2000_6_20_0.1_10_1,0.8502798152492622,0.8265920005638278
BDT_VAR_MLG_B_2000_6_20_0.1_20_0.25,0.8320199380460115,0.8163617240771674
BDT_VAR_MLG_B_2000_6_20_0.1_20_0.5,0.8312821003627993,0.8126503426918269
BDT_VAR_MLG_B_2000_6_20_0.1_20_1,0.8330800491612066,0.817069997033558
