BDT_VAR_MLG_B_1000_3_20_0.01_1_0.25,0.6947491373881725,0.6335619256312103
BDT_VAR_MLG_B_1000_3_20_0.01_1_0.5,0.6963905496288071,0.6275696434988777
BDT_VAR_MLG_B_1000_3_20_0.01_1_1,0.6937840181550461,0.6223718541914128
BDT_VAR_MLG_B_1000_3_20_0.01_5_0.25,0.6676125371471546,0.6036267845974975
BDT_VAR_MLG_B_1000_3_20_0.01_5_0.5,0.6706883019732265,0.5906147860942201
BDT_VAR_MLG_B_1000_3_20_0.01_5_1,0.6718709863756261,0.5937894532212847
BDT_VAR_MLG_B_1000_3_20_0.01_10_0.25,0.6553227781607421,0.5935390888489962
BDT_VAR_MLG_B_1000_3_20_0.01_10_0.5,0.6590168991373484,0.5940513917380258
BDT_VAR_MLG_B_1000_3_20_0.01_10_1,0.6577428258892222,0.5941784146154462
BDT_VAR_MLG_B_1000_3_20_0.01_20_0.25,0.623355700989378,0.6002204193369406
BDT_VAR_MLG_B_1000_3_20_0.01_20_0.5,0.6199926828295663,0.6013811288766837
BDT_VAR_MLG_B_1000_3_20_0.01_20_1,0.6191661273273922,0.6040729152973149
BDT_VAR_MLG_B_1000_3_20_0.05_1_0.25,0.7492695205485345,0.6067189679634871
BDT_VAR_MLG_B_1000_3_20_0.05_1_0.5,0.7501221912080756,0.6137574648878783
BDT_VAR_MLG_B_1000_3_20_0.05_1_1,0.7504089085934873,0.6030281503362903
BDT_VAR_MLG_B_1000_3_20_0.05_5_0.25,0.7262832822019596,0.5643678595423716
BDT_VAR_MLG_B_1000_3_20_0.05_5_0.5,0.729887380540039,0.5636248164206111
BDT_VAR_MLG_B_1000_3_20_0.05_5_1,0.731381391629887,0.564886035416976
BDT_VAR_MLG_B_1000_3_20_0.05_10_0.25,0.7079127188022305,0.544409810929321
BDT_VAR_MLG_B_1000_3_20_0.05_10_0.5,0.7127024208237079,0.5484133394020276
BDT_VAR_MLG_B_1000_3_20_0.05_10_1,0.7141941929924628,0.5559987441820047
BDT_VAR_MLG_B_1000_3_20_0.05_20_0.25,0.6604145690512341,0.5450522675187586
BDT_VAR_MLG_B_1000_3_20_0.05_20_0.5,0.6645152275259959,0.5556058276325417
BDT_VAR_MLG_B_1000_3_20_0.05_20_1,0.6645436084665561,0.5554126727582732
BDT_VAR_MLG_B_1000_3_20_0.1_1_0.25,0.7628991940530473,0.6060648295630029
BDT_VAR_MLG_B_1000_3_20_0.1_1_0.5,0.7657258426025447,0.5892656420919828
BDT_VAR_MLG_B_1000_3_20_0.1_1_1,0.7673448885377406,0.6061833045568599
BDT_VAR_MLG_B_1000_3_20_0.1_5_0.25,0.7448559715836547,0.550968694645636
BDT_VAR_MLG_B_1000_3_20_0.1_5_0.5,0.7485597631785343,0.5528840067960957
BDT_VAR_MLG_B_1000_3_20_0.1_5_1,0.7508625039220643,0.5680097056046302
BDT_VAR_MLG_B_1000_3_20_0.1_10_0.25,0.7262733271454015,0.5251248313396875
BDT_VAR_MLG_B_1000_3_20_0.1_10_0.5,0.732319708723953,0.5333358787930604
BDT_VAR_MLG_B_1000_3_20_0.1_10_1,0.7333080371459304,0.5587455666134241
BDT_VAR_MLG_B_1000_3_20_0.1_20_0.25,0.6777313654851815,0.5263097699941784
BDT_VAR_MLG_B_1000_3_20_0.1_20_0.5,0.6811387407538263,0.5436110755791091
BDT_VAR_MLG_B_1000_3_20_0.1_20_1,0.6841510550869628,0.5462390703894536
BDT_VAR_MLG_B_1000_4_20_0.01_1_0.25,0.7214341057797794,0.6228288780521849
BDT_VAR_MLG_B_1000_4_20_0.01_1_0.5,0.723126775423109,0.618002525864258
BDT_VAR_MLG_B_1000_4_20_0.01_1_1,0.7239174285748623,0.6173948995066274
BDT_VAR_MLG_B_1000_4_20_0.01_5_0.25,0.6857399501951199,0.5972435137481137
BDT_VAR_MLG_B_1000_4_20_0.01_5_0.5,0.6923331378996624,0.5852248198777936
BDT_VAR_MLG_B_1000_4_20_0.01_5_1,0.6942761782907536,0.588150039078351
BDT_VAR_MLG_B_1000_4_20_0.01_10_0.25,0.6604533703774389,0.5948477136463898
BDT_VAR_MLG_B_1000_4_20_0.01_10_0.5,0.6646214769868385,0.5919762572837252
BDT_VAR_MLG_B_1000_4_20_0.01_10_1,0.666376333893792,0.5903342986622966
BDT_VAR_MLG_B_1000_4_20_0.01_20_0.25,0.623355700989378,0.6002204193369406
BDT_VAR_MLG_B_1000_4_20_0.01_20_0.5,0.6199926828295663,0.6013811288766837
BDT_VAR_MLG_B_1000_4_20_0.01_20_1,0.6191661273273922,0.6040729152973149
BDT_VAR_MLG_B_1000_4_20_0.05_1_0.25,0.7713493219705018,0.5948322558228618
BDT_VAR_MLG_B_1000_4_20_0.05_1_0.5,0.7736373807726696,0.5866864835446821
BDT_VAR_MLG_B_1000_4_20_0.05_1_1,0.7739838664901022,0.6059476002019659
BDT_VAR_MLG_B_1000_4_20_0.05_5_0.25,0.7448332119184651,0.5571729822926115
BDT_VAR_MLG_B_1000_4_20_0.05_5_0.5,0.7477985620971501,0.5669257709435855
BDT_VAR_MLG_B_1000_4_20_0.05_5_1,0.7490660141179258,0.5638070776717702
BDT_VAR_MLG_B_1000_4_20_0.05_10_0.25,0.7142471702473266,0.5461455126775014
BDT_VAR_MLG_B_1000_4_20_0.05_10_0.5,0.7208349597239464,0.547000144107107
BDT_VAR_MLG_B_1000_4_20_0.05_10_1,0.7238284366417824,0.5537935422830159
BDT_VAR_MLG_B_1000_4_20_0.05_20_0.25,0.6604145690512341,0.5450522675187586
BDT_VAR_MLG_B_1000_4_20_0.05_20_0.5,0.6645152275259959,0.5556058276325417
BDT_VAR_MLG_B_1000_4_20_0.05_20_1,0.6645436084665561,0.5554126727582732
BDT_VAR_MLG_B_1000_4_20_0.1_1_0.25,0.7876606419727907,0.5885671723233756
BDT_VAR_MLG_B_1000_4_20_0.1_1_0.5,0.7903985833952085,0.5816629355542973
BDT_VAR_MLG_B_1000_4_20_0.1_1_1,0.7934735415324544,0.593435499094628
BDT_VAR_MLG_B_1000_4_20_0.1_5_0.25,0.7593938286034255,0.5568836410947583
BDT_VAR_MLG_B_1000_4_20_0.1_5_0.5,0.7634964563185598,0.5697862739076699
BDT_VAR_MLG_B_1000_4_20_0.1_5_1,0.7647262236013564,0.5608612404052851
BDT_VAR_MLG_B_1000_4_20_0.1_10_0.25,0.7357066581681262,0.5241794169333498
BDT_VAR_MLG_B_1000_4_20_0.1_10_0.5,0.74060233763965,0.5443732133852605
BDT_VAR_MLG_B_1000_4_20_0.1_10_1,0.7421314515870404,0.5597792132727403
BDT_VAR_MLG_B_1000_4_20_0.1_20_0.25,0.6777313654851815,0.5263097699941784
BDT_VAR_MLG_B_1000_4_20_0.1_20_0.5,0.6811387407538263,0.5436110755791091
BDT_VAR_MLG_B_1000_4_20_0.1_20_1,0.6841510550869628,0.5462390703894536
BDT_VAR_MLG_B_1000_5_20_0.01_1_0.25,0.7390489353541342,0.6187880569019578
BDT_VAR_MLG_B_1000_5_20_0.01_1_0.5,0.742557724065022,0.6128481528159045
BDT_VAR_MLG_B_1000_5_20_0.01_1_1,0.7437454282348385,0.6125941370794799
BDT_VAR_MLG_B_1000_5_20_0.01_5_0.25,0.6938832973530392,0.597943565872377
BDT_VAR_MLG_B_1000_5_20_0.01_5_0.5,0.7018609252304079,0.5889689544842841
BDT_VAR_MLG_B_1000_5_20_0.01_5_1,0.7057582911379469,0.5859538391207735
BDT_VAR_MLG_B_1000_5_20_0.01_10_0.25,0.6609919297180545,0.5956954572748536
BDT_VAR_MLG_B_1000_5_20_0.01_10_0.5,0.6666207947933963,0.593229798983092
BDT_VAR_MLG_B_1000_5_20_0.01_10_1,0.6687519450899369,0.5912638309618221
BDT_VAR_MLG_B_1000_5_20_0.01_20_0.25,0.623355700989378,0.6002204193369406
BDT_VAR_MLG_B_1000_5_20_0.01_20_0.5,0.6199926828295663,0.6013811288766837
BDT_VAR_MLG_B_1000_5_20_0.01_20_1,0.6191661273273922,0.6040729152973149
BDT_VAR_MLG_B_1000_5_20_0.05_1_0.25,0.7898610080474655,0.5818187873014371
BDT_VAR_MLG_B_1000_5_20_0.05_1_0.5,0.7911008484863506,0.5931911853871494
BDT_VAR_MLG_B_1000_5_20_0.05_1_1,0.7936865830655031,0.5975207668599175
BDT_VAR_MLG_B_1000_5_20_0.05_5_0.25,0.7529538989095638,0.5625291843688833
BDT_VAR_MLG_B_1000_5_20_0.05_5_0.5,0.756336134367868,0.56595684734994
BDT_VAR_MLG_B_1000_5_20_0.05_5_1,0.7570224298556333,0.570221780375989
BDT_VAR_MLG_B_1000_5_20_0.05_10_0.25,0.7148201108113181,0.5420298669284268
BDT_VAR_MLG_B_1000_5_20_0.05_10_0.5,0.7228382844486666,0.5454092336785886
BDT_VAR_MLG_B_1000_5_20_0.05_10_1,0.7256120371261139,0.5530979991884881
BDT_VAR_MLG_B_1000_5_20_0.05_20_0.25,0.6604145690512341,0.5450522675187586
BDT_VAR_MLG_B_1000_5_20_0.05_20_0.5,0.6645152275259959,0.5556058276325417
BDT_VAR_MLG_B_1000_5_20_0.05_20_1,0.6645436084665561,0.5554126727582732
BDT_VAR_MLG_B_1000_5_20_0.1_1_0.25,0.811843786597709,0.573779324020798
BDT_VAR_MLG_B_1000_5_20_0.1_1_0.5,0.8153597746488002,0.5840399910250879
BDT_VAR_MLG_B_1000_5_20_0.1_1_1,0.8170224873750485,0.5928721954243685
BDT_VAR_MLG_B_1000_5_20_0.1_5_0.25,0.7674516603154817,0.5660349458464395
BDT_VAR_MLG_B_1000_5_20_0.1_5_0.5,0.7713499099806095,0.5726153033082764
BDT_VAR_MLG_B_1000_5_20_0.1_5_1,0.7731252880445529,0.565383936683413
BDT_VAR_MLG_B_1000_5_20_0.1_10_0.25,0.7365137695297886,0.5371502908854909
BDT_VAR_MLG_B_1000_5_20_0.1_10_0.5,0.7407426196900226,0.5400055593405966
BDT_VAR_MLG_B_1000_5_20_0.1_10_1,0.7435805616168719,0.5508043991380819
BDT_VAR_MLG_B_1000_5_20_0.1_20_0.25,0.6777313654851815,0.5263097699941784
BDT_VAR_MLG_B_1000_5_20_0.1_20_0.5,0.6811387407538263,0.5436110755791091
BDT_VAR_MLG_B_1000_5_20_0.1_20_1,0.6841510550869628,0.5462390703894536
BDT_VAR_MLG_B_1000_6_20_0.01_1_0.25,0.7505586250031477,0.6171337954039129
BDT_VAR_MLG_B_1000_6_20_0.01_1_0.5,0.7556302743161599,0.6099078276239513
BDT_VAR_MLG_B_1000_6_20_0.01_1_1,0.7573095260989721,0.6101681329290689
BDT_VAR_MLG_B_1000_6_20_0.01_5_0.25,0.697578760092857,0.5958225660839651
BDT_VAR_MLG_B_1000_6_20_0.01_5_0.5,0.7062480302754077,0.587900315101369
BDT_VAR_MLG_B_1000_6_20_0.01_5_1,0.7107740196423354,0.5840050143343869
BDT_VAR_MLG_B_1000_6_20_0.01_10_0.25,0.6611173014738394,0.5960231215819027
BDT_VAR_MLG_B_1000_6_20_0.01_10_0.5,0.6664362399051621,0.5926524713771363
BDT_VAR_MLG_B_1000_6_20_0.01_10_1,0.6687904049283748,0.5906804613136313
BDT_VAR_MLG_B_1000_6_20_0.01_20_0.25,0.623355700989378,0.6002204193369406
BDT_VAR_MLG_B_1000_6_20_0.01_20_0.5,0.6199926828295663,0.6013811288766837
BDT_VAR_MLG_B_1000_6_20_0.01_20_1,0.6191661273273922,0.6040729152973149
BDT_VAR_MLG_B_1000_6_20_0.05_1_0.25,0.8066371131631714,0.5897004960885641
BDT_VAR_MLG_B_1000_6_20_0.05_1_0.5,0.8083675586104936,0.5815263976877274
BDT_VAR_MLG_B_1000_6_20_0.05_1_1,0.8095154040691714,0.600388592028289
BDT_VAR_MLG_B_1000_6_20_0.05_5_0.25,0.7557835041481237,0.5642282300364072
BDT_VAR_MLG_B_1000_6_20_0.05_5_0.5,0.7600554665479867,0.564341653916435
BDT_VAR_MLG_B_1000_6_20_0.05_5_1,0.760706226375131,0.5674494412245895
BDT_VAR_MLG_B_1000_6_20_0.05_10_0.25,0.7146858897822053,0.5453496009079173
BDT_VAR_MLG_B_1000_6_20_0.05_10_0.5,0.7232246444147922,0.5481998364349714
BDT_VAR_MLG_B_1000_6_20_0.05_10_1,0.7256681062346803,0.5533206438674867
BDT_VAR_MLG_B_1000_6_20_0.05_20_0.25,0.6604145690512341,0.5450522675187586
BDT_VAR_MLG_B_1000_6_20_0.05_20_0.5,0.6645152275259959,0.5556058276325417
BDT_VAR_MLG_B_1000_6_20_0.05_20_1,0.6645436084665561,0.5554126727582732
BDT_VAR_MLG_B_1000_6_20_0.1_1_0.25,0.8326171084841995,0.5770917701863825
BDT_VAR_MLG_B_1000_6_20_0.1_1_0.5,0.8367372980490606,0.5801233543747705
BDT_VAR_MLG_B_1000_6_20_0.1_1_1,0.8385917097614778,0.5938095866218118
BDT_VAR_MLG_B_1000_6_20_0.1_5_0.25,0.770544172619205,0.5454284826275674
BDT_VAR_MLG_B_1000_6_20_0.1_5_0.5,0.7748076908310989,0.5591519089295162
BDT_VAR_MLG_B_1000_6_20_0.1_5_1,0.7770884247963502,0.5668762867188598
BDT_VAR_MLG_B_1000_6_20_0.1_10_0.25,0.7358597681803595,0.5323847593486661
BDT_VAR_MLG_B_1000_6_20_0.1_10_0.5,0.7410450486358857,0.5440076244042757
BDT_VAR_MLG_B_1000_6_20_0.1_10_1,0.7435021440896761,0.5539330024546364
BDT_VAR_MLG_B_1000_6_20_0.1_20_0.25,0.6777313654851815,0.5263097699941784
BDT_VAR_MLG_B_1000_6_20_0.1_20_0.5,0.6811387407538263,0.5436110755791091
BDT_VAR_MLG_B_1000_6_20_0.1_20_1,0.6841510550869628,0.5462390703894536
BDT_VAR_MLG_B_1250_3_20_0.01_1_0.25,0.7034906660953154,0.6289646529514534
BDT_VAR_MLG_B_1250_3_20_0.01_1_0.5,0.7051636865216707,0.6229893632074535
BDT_VAR_MLG_B_1250_3_20_0.01_1_1,0.7034268713639251,0.620911999434195
BDT_VAR_MLG_B_1250_3_20_0.01_5_0.25,0.676261821533683,0.595990588034297
BDT_VAR_MLG_B_1250_3_20_0.01_5_0.5,0.6804926148531302,0.5834883019404357
BDT_VAR_MLG_B_1250_3_20_0.01_5_1,0.6819903230433237,0.5895481810850857
BDT_VAR_MLG_B_1250_3_20_0.01_10_0.25,0.6628349355771215,0.5824523982937421
BDT_VAR_MLG_B_1250_3_20_0.01_10_0.5,0.6671599598862634,0.5827954466252772
BDT_VAR_MLG_B_1250_3_20_0.01_10_1,0.6663541157268771,0.5862325247730691
BDT_VAR_MLG_B_1250_3_20_0.01_20_0.25,0.6278878216008543,0.5939749750122376
BDT_VAR_MLG_B_1250_3_20_0.01_20_0.5,0.6268958888013938,0.5947376929801673
BDT_VAR_MLG_B_1250_3_20_0.01_20_1,0.6261423796272976,0.6003099450731534
BDT_VAR_MLG_B_1250_3_20_0.05_1_0.25,0.7547093540428865,0.6019281318448383
BDT_VAR_MLG_B_1250_3_20_0.05_1_0.5,0.7569681084777581,0.6075226477968105
BDT_VAR_MLG_B_1250_3_20_0.05_1_1,0.7562184401419975,0.5992617820112687
BDT_VAR_MLG_B_1250_3_20_0.05_5_0.25,0.7337462757105667,0.5524349002289589
BDT_VAR_MLG_B_1250_3_20_0.05_5_0.5,0.7381903076959524,0.5641405967166032
BDT_VAR_MLG_B_1250_3_20_0.05_5_1,0.7377549736011896,0.5599398314980408
BDT_VAR_MLG_B_1250_3_20_0.05_10_0.25,0.7169004801652321,0.5348159221176572
BDT_VAR_MLG_B_1250_3_20_0.05_10_0.5,0.7206091956241009,0.5497144833780032
BDT_VAR_MLG_B_1250_3_20_0.05_10_1,0.7205648584899215,0.5515809300452408
BDT_VAR_MLG_B_1250_3_20_0.05_20_0.25,0.6652761174130284,0.5377776881375789
BDT_VAR_MLG_B_1250_3_20_0.05_20_0.5,0.6714727807419522,0.5457451754457119
BDT_VAR_MLG_B_1250_3_20_0.05_20_1,0.6711048869035646,0.5481222338235229
BDT_VAR_MLG_B_1250_3_20_0.1_1_0.25,0.7684149095881303,0.5995951146010234
BDT_VAR_MLG_B_1250_3_20_0.1_1_0.5,0.7727095303006064,0.5844046884200876
BDT_VAR_MLG_B_1250_3_20_0.1_1_1,0.7721925755899536,0.6005280708948434
BDT_VAR_MLG_B_1250_3_20_0.1_5_0.25,0.7506732876496912,0.5498740809564321
BDT_VAR_MLG_B_1250_3_20_0.1_5_0.5,0.7544621449052069,0.5612311201718841
BDT_VAR_MLG_B_1250_3_20_0.1_5_1,0.7548480370608928,0.5639935204339294
BDT_VAR_MLG_B_1250_3_20_0.1_10_0.25,0.7330369199905312,0.5222198676754288
BDT_VAR_MLG_B_1250_3_20_0.1_10_0.5,0.7380317582785338,0.5376532548143189
BDT_VAR_MLG_B_1250_3_20_0.1_10_1,0.7380383323041056,0.5590106286623403
BDT_VAR_MLG_B_1250_3_20_0.1_20_0.25,0.682694835672876,0.520916186603697
BDT_VAR_MLG_B_1250_3_20_0.1_20_0.5,0.6878846928998961,0.5415175993418772
BDT_VAR_MLG_B_1250_3_20_0.1_20_1,0.6887272368625131,0.5406824614070634
BDT_VAR_MLG_B_1250_4_20_0.01_1_0.25,0.7302869104485714,0.6184701535179677
BDT_VAR_MLG_B_1250_4_20_0.01_1_0.5,0.7317452401204386,0.6141228488191639
BDT_VAR_MLG_B_1250_4_20_0.01_1_1,0.7328729975695759,0.6124261403565974
BDT_VAR_MLG_B_1250_4_20_0.01_5_0.25,0.6953406531786774,0.5907224317683785
BDT_VAR_MLG_B_1250_4_20_0.01_5_0.5,0.7019832566328401,0.5801324836799704
BDT_VAR_MLG_B_1250_4_20_0.01_5_1,0.704364634662178,0.582102480861437
BDT_VAR_MLG_B_1250_4_20_0.01_10_0.25,0.668834311459872,0.5840108199880847
BDT_VAR_MLG_B_1250_4_20_0.01_10_0.5,0.6736580685222754,0.581967788387909
BDT_VAR_MLG_B_1250_4_20_0.01_10_1,0.675204175225958,0.5812641386373423
BDT_VAR_MLG_B_1250_4_20_0.01_20_0.25,0.6278878216008543,0.5939749750122376
BDT_VAR_MLG_B_1250_4_20_0.01_20_0.5,0.6268958888013938,0.5947376929801673
BDT_VAR_MLG_B_1250_4_20_0.01_20_1,0.6261423796272976,0.6003099450731534
BDT_VAR_MLG_B_1250_4_20_0.05_1_0.25,0.7778245141107466,0.5850954405612484
BDT_VAR_MLG_B_1250_4_20_0.05_1_0.5,0.7804357905967455,0.581618911124755
BDT_VAR_MLG_B_1250_4_20_0.05_1_1,0.7799971861548908,0.6022900413390123
BDT_VAR_MLG_B_1250_4_20_0.05_5_0.25,0.7504393353151065,0.5486528069443474
BDT_VAR_MLG_B_1250_4_20_0.05_5_0.5,0.753994146110733,0.570176625374719
BDT_VAR_MLG_B_1250_4_20_0.05_5_1,0.7545782264451749,0.557124228460986
BDT_VAR_MLG_B_1250_4_20_0.05_10_0.25,0.7236026664531131,0.5419732566430233
BDT_VAR_MLG_B_1250_4_20_0.05_10_0.5,0.7281975204992308,0.5462127679164374
BDT_VAR_MLG_B_1250_4_20_0.05_10_1,0.7294823293697263,0.5505574988468793
BDT_VAR_MLG_B_1250_4_20_0.05_20_0.25,0.6652761174130284,0.5377776881375789
BDT_VAR_MLG_B_1250_4_20_0.05_20_0.5,0.6714727807419522,0.5457451754457119
BDT_VAR_MLG_B_1250_4_20_0.05_20_1,0.6711048869035646,0.5481222338235229
BDT_VAR_MLG_B_1250_4_20_0.1_1_0.25,0.7959582366291773,0.5844541426627152
BDT_VAR_MLG_B_1250_4_20_0.1_1_0.5,0.7982414983509545,0.5817325985410611
BDT_VAR_MLG_B_1250_4_20_0.1_1_1,0.801782599722813,0.5911490909335253
BDT_VAR_MLG_B_1250_4_20_0.1_5_0.25,0.7661173352319033,0.5554702944209358
BDT_VAR_MLG_B_1250_4_20_0.1_5_0.5,0.7693833578218245,0.5713977180398867
BDT_VAR_MLG_B_1250_4_20_0.1_5_1,0.7691100108444198,0.5566170569162743
BDT_VAR_MLG_B_1250_4_20_0.1_10_0.25,0.7404991766433591,0.5196350119724111
BDT_VAR_MLG_B_1250_4_20_0.1_10_0.5,0.7455867417581928,0.5510608917750586
BDT_VAR_MLG_B_1250_4_20_0.1_10_1,0.7467590921472779,0.5614331248004345
BDT_VAR_MLG_B_1250_4_20_0.1_20_0.25,0.682694835672876,0.520916186603697
BDT_VAR_MLG_B_1250_4_20_0.1_20_0.5,0.6878846928998961,0.5415175993418772
BDT_VAR_MLG_B_1250_4_20_0.1_20_1,0.6887272368625131,0.5406824614070634
BDT_VAR_MLG_B_1250_5_20_0.01_1_0.25,0.7474457963748503,0.6137187968012113
BDT_VAR_MLG_B_1250_5_20_0.01_1_0.5,0.7507362176013641,0.6064544401241685
BDT_VAR_MLG_B_1250_5_20_0.01_1_1,0.7519093149398917,0.6060830276928298
BDT_VAR_MLG_B_1250_5_20_0.01_5_0.25,0.7039606370976249,0.5890557707542241
BDT_VAR_MLG_B_1250_5_20_0.01_5_0.5,0.7118048480625567,0.5827307517898875
BDT_VAR_MLG_B_1250_5_20_0.01_5_1,0.7151670706357178,0.5800765476072284
BDT_VAR_MLG_B_1250_5_20_0.01_10_0.25,0.6694076316971802,0.5848370057955032
BDT_VAR_MLG_B_1250_5_20_0.01_10_0.5,0.6756178831314474,0.5832057240785543
BDT_VAR_MLG_B_1250_5_20_0.01_10_1,0.6775195456484324,0.5822860889484246
BDT_VAR_MLG_B_1250_5_20_0.01_20_0.25,0.6278878216008543,0.5939749750122376
BDT_VAR_MLG_B_1250_5_20_0.01_20_0.5,0.6268958888013938,0.5947376929801673
BDT_VAR_MLG_B_1250_5_20_0.01_20_1,0.6261423796272976,0.6003099450731534
BDT_VAR_MLG_B_1250_5_20_0.05_1_0.25,0.7983986212988519,0.572413618542467
BDT_VAR_MLG_B_1250_5_20_0.05_1_0.5,0.7996027508931848,0.5907596763972593
BDT_VAR_MLG_B_1250_5_20_0.05_1_1,0.8015985251739519,0.5939166239918714
BDT_VAR_MLG_B_1250_5_20_0.05_5_0.25,0.759248531574918,0.5530625449576807
BDT_VAR_MLG_B_1250_5_20_0.05_5_0.5,0.7621056381877497,0.5678340541173589
BDT_VAR_MLG_B_1250_5_20_0.05_5_1,0.7621367666900961,0.5717246753239194
BDT_VAR_MLG_B_1250_5_20_0.05_10_0.25,0.7246676993298684,0.5378026298566839
BDT_VAR_MLG_B_1250_5_20_0.05_10_0.5,0.7298200593741746,0.5480719639500288
BDT_VAR_MLG_B_1250_5_20_0.05_10_1,0.7313032790501921,0.5521114295311654
BDT_VAR_MLG_B_1250_5_20_0.05_20_0.25,0.6652761174130284,0.5377776881375789
BDT_VAR_MLG_B_1250_5_20_0.05_20_0.5,0.6714727807419522,0.5457451754457119
BDT_VAR_MLG_B_1250_5_20_0.05_20_1,0.6711048869035646,0.5481222338235229
BDT_VAR_MLG_B_1250_5_20_0.1_1_0.25,0.8208501660965063,0.5661159224308782
BDT_VAR_MLG_B_1250_5_20_0.1_1_0.5,0.8252035337428677,0.5801118543595941
BDT_VAR_MLG_B_1250_5_20_0.1_1_1,0.8270375183968585,0.5931997506879698
BDT_VAR_MLG_B_1250_5_20_0.1_5_0.25,0.7737815504418404,0.5659557059286716
BDT_VAR_MLG_B_1250_5_20_0.1_5_0.5,0.7780851036695171,0.5714226123608727
BDT_VAR_MLG_B_1250_5_20_0.1_5_1,0.7786175861124697,0.5614625168485629
BDT_VAR_MLG_B_1250_5_20_0.1_10_0.25,0.741759027982296,0.5359901004260296
BDT_VAR_MLG_B_1250_5_20_0.1_10_0.5,0.7466327467115391,0.5481044065359496
BDT_VAR_MLG_B_1250_5_20_0.1_10_1,0.7481471867283355,0.5528558374234899
BDT_VAR_MLG_B_1250_5_20_0.1_20_0.25,0.682694835672876,0.520916186603697
BDT_VAR_MLG_B_1250_5_20_0.1_20_0.5,0.6878846928998961,0.5415175993418772
BDT_VAR_MLG_B_1250_5_20_0.1_20_1,0.6887272368625131,0.5406824614070634
BDT_VAR_MLG_B_1250_6_20_0.01_1_0.25,0.759139857840891,0.6161172272470211
BDT_VAR_MLG_B_1250_6_20_0.01_1_0.5,0.7633921504569204,0.6046096917273867
BDT_VAR_MLG_B_1250_6_20_0.01_1_1,0.7645955515535271,0.6039238497147863
BDT_VAR_MLG_B_1250_6_20_0.01_5_0.25,0.7077195576878244,0.5889046572895555
BDT_VAR_MLG_B_1250_6_20_0.01_5_0.5,0.7162047543890465,0.5833756031828162
BDT_VAR_MLG_B_1250_6_20_0.01_5_1,0.7200951446871332,0.5773567220788764
BDT_VAR_MLG_B_1250_6_20_0.01_10_0.25,0.6694111051540715,0.5848330245148885
BDT_VAR_MLG_B_1250_6_20_0.01_10_0.5,0.6754109186887656,0.5826413598237383
BDT_VAR_MLG_B_1250_6_20_0.01_10_1,0.6775969801301516,0.5813936474333954
BDT_VAR_MLG_B_1250_6_20_0.01_20_0.25,0.6278878216008543,0.5939749750122376
BDT_VAR_MLG_B_1250_6_20_0.01_20_0.5,0.6268958888013938,0.5947376929801673
BDT_VAR_MLG_B_1250_6_20_0.01_20_1,0.6261423796272976,0.6003099450731534
BDT_VAR_MLG_B_1250_6_20_0.05_1_0.25,0.816700940724072,0.5881550194598749
BDT_VAR_MLG_B_1250_6_20_0.05_1_0.5,0.8178774516003428,0.5798059396294694
BDT_VAR_MLG_B_1250_6_20_0.05_1_1,0.8192026095986151,0.5941384959504489
BDT_VAR_MLG_B_1250_6_20_0.05_5_0.25,0.7621053163729601,0.5591077463194893
BDT_VAR_MLG_B_1250_6_20_0.05_5_0.5,0.76610765186562,0.5674199626171308
BDT_VAR_MLG_B_1250_6_20_0.05_5_1,0.7661874547940447,0.5667824638424718
BDT_VAR_MLG_B_1250_6_20_0.05_10_0.25,0.7245495646516799,0.5387384286014841
BDT_VAR_MLG_B_1250_6_20_0.05_10_0.5,0.7304295072517664,0.550567323917345
BDT_VAR_MLG_B_1250_6_20_0.05_10_1,0.7316499035004187,0.5519190238198095
BDT_VAR_MLG_B_1250_6_20_0.05_20_0.25,0.6652761174130284,0.5377776881375789
BDT_VAR_MLG_B_1250_6_20_0.05_20_0.5,0.6714727807419522,0.5457451754457119
BDT_VAR_MLG_B_1250_6_20_0.05_20_1,0.6711048869035646,0.5481222338235229
BDT_VAR_MLG_B_1250_6_20_0.1_1_0.25,0.8440900268376107,0.572934313154071
BDT_VAR_MLG_B_1250_6_20_0.1_1_0.5,0.848860144926484,0.5754627421593498
BDT_VAR_MLG_B_1250_6_20_0.1_1_1,0.8508212466152347,0.5881075974635048
BDT_VAR_MLG_B_1250_6_20_0.1_5_0.25,0.777866576596355,0.5400827717266538
BDT_VAR_MLG_B_1250_6_20_0.1_5_0.5,0.7816566843793205,0.5627654552157649
BDT_VAR_MLG_B_1250_6_20_0.1_5_1,0.7829255023608771,0.559073419838583
BDT_VAR_MLG_B_1250_6_20_0.1_10_0.25,0.7417014615697552,0.5330026853612052
BDT_VAR_MLG_B_1250_6_20_0.1_10_0.5,0.7466779790359909,0.5530840478556306
BDT_VAR_MLG_B_1250_6_20_0.1_10_1,0.7481113750097151,0.553888089481465
BDT_VAR_MLG_B_1250_6_20_0.1_20_0.25,0.682694835672876,0.520916186603697
BDT_VAR_MLG_B_1250_6_20_0.1_20_0.5,0.6878846928998961,0.5415175993418772
BDT_VAR_MLG_B_1250_6_20_0.1_20_1,0.6887272368625131,0.5406824614070634
BDT_VAR_MLG_B_1500_3_20_0.01_1_0.25,0.7098505355352696,0.6260497316348602
BDT_VAR_MLG_B_1500_3_20_0.01_1_0.5,0.7119259637043431,0.620672051563313
BDT_VAR_MLG_B_1500_3_20_0.01_1_1,0.7106980679441431,0.6195812338158668
BDT_VAR_MLG_B_1500_3_20_0.01_5_0.25,0.6828422703206639,0.5915043913951549
BDT_VAR_MLG_B_1500_3_20_0.01_5_0.5,0.6881894592070209,0.5802141103961808
BDT_VAR_MLG_B_1500_3_20_0.01_5_1,0.6891242835664065,0.5858217357783809
BDT_VAR_MLG_B_1500_3_20_0.01_10_0.25,0.6686247404225328,0.5766699493337035
BDT_VAR_MLG_B_1500_3_20_0.01_10_0.5,0.6746517612836587,0.5796544424831026
BDT_VAR_MLG_B_1500_3_20_0.01_10_1,0.6737045740207903,0.5792912462371976
BDT_VAR_MLG_B_1500_3_20_0.01_20_0.25,0.6315099433630844,0.5872093971006378
BDT_VAR_MLG_B_1500_3_20_0.01_20_0.5,0.6316531993797376,0.5896185912751931
BDT_VAR_MLG_B_1500_3_20_0.01_20_1,0.630514203275044,0.593264745867535
BDT_VAR_MLG_B_1500_3_20_0.05_1_0.25,0.7588182473319878,0.5972056216711621
BDT_VAR_MLG_B_1500_3_20_0.05_1_0.5,0.7614605690619067,0.6060322843560637
BDT_VAR_MLG_B_1500_3_20_0.05_1_1,0.7608143856125764,0.5968544014121508
BDT_VAR_MLG_B_1500_3_20_0.05_5_0.25,0.7378600649692866,0.5554287686119747
BDT_VAR_MLG_B_1500_3_20_0.05_5_0.5,0.7438122657973663,0.5665008777914906
BDT_VAR_MLG_B_1500_3_20_0.05_5_1,0.7429106904939382,0.5633017033894064
BDT_VAR_MLG_B_1500_3_20_0.05_10_0.25,0.7209384947962634,0.5435253741931517
BDT_VAR_MLG_B_1500_3_20_0.05_10_0.5,0.7272903234396934,0.5470166525184463
BDT_VAR_MLG_B_1500_3_20_0.05_10_1,0.7269672815989524,0.5504403008945117
BDT_VAR_MLG_B_1500_3_20_0.05_20_0.25,0.6679971192107902,0.5355988823833541
BDT_VAR_MLG_B_1500_3_20_0.05_20_0.5,0.6773039152860502,0.5452564011260786
BDT_VAR_MLG_B_1500_3_20_0.05_20_1,0.6753115730423442,0.5453992440080173
BDT_VAR_MLG_B_1500_3_20_0.1_1_0.25,0.7728364290339447,0.5900789686061032
BDT_VAR_MLG_B_1500_3_20_0.1_1_0.5,0.7766447210795653,0.5807349277150174
BDT_VAR_MLG_B_1500_3_20_0.1_1_1,0.776780380765477,0.6000052979675972
BDT_VAR_MLG_B_1500_3_20_0.1_5_0.25,0.7547160294832942,0.5473389742775144
BDT_VAR_MLG_B_1500_3_20_0.1_5_0.5,0.7583862008740647,0.5613753666746424
BDT_VAR_MLG_B_1500_3_20_0.1_5_1,0.7593461417318822,0.5647898481861535
BDT_VAR_MLG_B_1500_3_20_0.1_10_0.25,0.7362072145734283,0.5297319617549388
BDT_VAR_MLG_B_1500_3_20_0.1_10_0.5,0.7435724071645634,0.5403235255722787
BDT_VAR_MLG_B_1500_3_20_0.1_10_1,0.7420794899339364,0.5635828793908566
BDT_VAR_MLG_B_1500_3_20_0.1_20_0.25,0.6846293286559397,0.5202468391863857
BDT_VAR_MLG_B_1500_3_20_0.1_20_0.5,0.6935458494509701,0.5452963685512318
BDT_VAR_MLG_B_1500_3_20_0.1_20_1,0.6928761751346736,0.5411948828733607
BDT_VAR_MLG_B_1500_4_20_0.01_1_0.25,0.7362194914676848,0.6127008351987012
BDT_VAR_MLG_B_1500_4_20_0.01_1_0.5,0.7384565507558452,0.612551298246538
BDT_VAR_MLG_B_1500_4_20_0.01_1_1,0.7396485507534174,0.6103440656738045
BDT_VAR_MLG_B_1500_4_20_0.01_5_0.25,0.7025958788480543,0.5885767877801693
BDT_VAR_MLG_B_1500_4_20_0.01_5_0.5,0.7094851754299578,0.5768377868278465
BDT_VAR_MLG_B_1500_4_20_0.01_5_1,0.7116199509193951,0.5794170383076132
BDT_VAR_MLG_B_1500_4_20_0.01_10_0.25,0.6747286915391516,0.5783339069609769
BDT_VAR_MLG_B_1500_4_20_0.01_10_0.5,0.6815504547068026,0.5783419871874175
BDT_VAR_MLG_B_1500_4_20_0.01_10_1,0.6827672265174751,0.5759226832209329
BDT_VAR_MLG_B_1500_4_20_0.01_20_0.25,0.6315099433630844,0.5872093971006378
BDT_VAR_MLG_B_1500_4_20_0.01_20_0.5,0.6316531993797376,0.5896185912751931
BDT_VAR_MLG_B_1500_4_20_0.01_20_1,0.630514203275044,0.593264745867535
BDT_VAR_MLG_B_1500_4_20_0.05_1_0.25,0.7836766562215151,0.591277592342081
BDT_VAR_MLG_B_1500_4_20_0.05_1_0.5,0.7858342379715654,0.5790702734479382
BDT_VAR_MLG_B_1500_4_20_0.05_1_1,0.7852503954695873,0.5987889304152945
BDT_VAR_MLG_B_1500_4_20_0.05_5_0.25,0.7544517978843404,0.5522640067612501
BDT_VAR_MLG_B_1500_4_20_0.05_5_0.5,0.7589786135141359,0.571952773865299
BDT_VAR_MLG_B_1500_4_20_0.05_5_1,0.758937795971295,0.5597581565019246
BDT_VAR_MLG_B_1500_4_20_0.05_10_0.25,0.7277461969746187,0.5473457999752779
BDT_VAR_MLG_B_1500_4_20_0.05_10_0.5,0.7341886854128946,0.5445604092016869
BDT_VAR_MLG_B_1500_4_20_0.05_10_1,0.7347156271911922,0.5493892465950065
BDT_VAR_MLG_B_1500_4_20_0.05_20_0.25,0.6679971192107902,0.5355988823833541
BDT_VAR_MLG_B_1500_4_20_0.05_20_0.5,0.6773039152860502,0.5452564011260786
BDT_VAR_MLG_B_1500_4_20_0.05_20_1,0.6753115730423442,0.5453992440080173
BDT_VAR_MLG_B_1500_4_20_0.1_1_0.25,0.8019243120127688,0.568125910308886
BDT_VAR_MLG_B_1500_4_20_0.1_1_0.5,0.8050457789141126,0.5805589859712769
BDT_VAR_MLG_B_1500_4_20_0.1_1_1,0.8079756161911846,0.5918546794516534
BDT_VAR_MLG_B_1500_4_20_0.1_5_0.25,0.7710916691375018,0.5587961365143772
BDT_VAR_MLG_B_1500_4_20_0.1_5_0.5,0.7742318443308571,0.5774697382572861
BDT_VAR_MLG_B_1500_4_20_0.1_5_1,0.773928833006688,0.5598728966119964
BDT_VAR_MLG_B_1500_4_20_0.1_10_0.25,0.7437013863896282,0.5203312161189309
BDT_VAR_MLG_B_1500_4_20_0.1_10_0.5,0.7507279467309306,0.5547156307825728
BDT_VAR_MLG_B_1500_4_20_0.1_10_1,0.7505657204951249,0.5652511710494089
BDT_VAR_MLG_B_1500_4_20_0.1_20_0.25,0.6846293286559397,0.5202468391863857
BDT_VAR_MLG_B_1500_4_20_0.1_20_0.5,0.6935458494509701,0.5452963685512318
BDT_VAR_MLG_B_1500_4_20_0.1_20_1,0.6928761751346736,0.5411948828733607
BDT_VAR_MLG_B_1500_5_20_0.01_1_0.25,0.7534854687403807,0.6108021964788302
BDT_VAR_MLG_B_1500_5_20_0.01_1_0.5,0.7569936763556915,0.6043716803614583
BDT_VAR_MLG_B_1500_5_20_0.01_1_1,0.7576397110107381,0.6027442812406348
BDT_VAR_MLG_B_1500_5_20_0.01_5_0.25,0.7115476111558519,0.5858890262572025
BDT_VAR_MLG_B_1500_5_20_0.01_5_0.5,0.7193315263440496,0.578447924642717
BDT_VAR_MLG_B_1500_5_20_0.01_5_1,0.7220280027150908,0.576696558400064
BDT_VAR_MLG_B_1500_5_20_0.01_10_0.25,0.6754343738819136,0.5789150548855478
BDT_VAR_MLG_B_1500_5_20_0.01_10_0.5,0.683323117995411,0.5801026368059006
BDT_VAR_MLG_B_1500_5_20_0.01_10_1,0.6849850974113254,0.577455475499284
BDT_VAR_MLG_B_1500_5_20_0.01_20_0.25,0.6315099433630844,0.5872093971006378
BDT_VAR_MLG_B_1500_5_20_0.01_20_0.5,0.6316531993797376,0.5896185912751931
BDT_VAR_MLG_B_1500_5_20_0.01_20_1,0.630514203275044,0.593264745867535
BDT_VAR_MLG_B_1500_5_20_0.05_1_0.25,0.8049659997438191,0.5758719227141927
BDT_VAR_MLG_B_1500_5_20_0.05_1_0.5,0.8067357425278391,0.5930878053719174
BDT_VAR_MLG_B_1500_5_20_0.05_1_1,0.8084429303887155,0.5946431199197451
BDT_VAR_MLG_B_1500_5_20_0.05_5_0.25,0.7637121005165425,0.5523736734471981
BDT_VAR_MLG_B_1500_5_20_0.05_5_0.5,0.7669221191770811,0.5700665982166594
BDT_VAR_MLG_B_1500_5_20_0.05_5_1,0.766316509632503,0.5703895227647335
BDT_VAR_MLG_B_1500_5_20_0.05_10_0.25,0.7285197518178035,0.5443934227036801
BDT_VAR_MLG_B_1500_5_20_0.05_10_0.5,0.7355796176649607,0.5493716903519676
BDT_VAR_MLG_B_1500_5_20_0.05_10_1,0.7361204942091474,0.5514853578109427
BDT_VAR_MLG_B_1500_5_20_0.05_20_0.25,0.6679971192107902,0.5355988823833541
BDT_VAR_MLG_B_1500_5_20_0.05_20_0.5,0.6773039152860502,0.5452564011260786
BDT_VAR_MLG_B_1500_5_20_0.05_20_1,0.6753115730423442,0.5453992440080173
BDT_VAR_MLG_B_1500_5_20_0.1_1_0.25,0.8293607990559934,0.5630876864264295
BDT_VAR_MLG_B_1500_5_20_0.1_1_0.5,0.8340298955514408,0.5888080167337391
BDT_VAR_MLG_B_1500_5_20_0.1_1_1,0.8356725617026808,0.6014628295967027
BDT_VAR_MLG_B_1500_5_20_0.1_5_0.25,0.7790506058153865,0.5720279488433626
BDT_VAR_MLG_B_1500_5_20_0.1_5_0.5,0.7832539723621392,0.5721473817687021
BDT_VAR_MLG_B_1500_5_20_0.1_5_1,0.7833842167111588,0.5618036063157974
BDT_VAR_MLG_B_1500_5_20_0.1_10_0.25,0.7459794130327473,0.540633067047928
BDT_VAR_MLG_B_1500_5_20_0.1_10_0.5,0.7516661925345549,0.5522215304640321
BDT_VAR_MLG_B_1500_5_20_0.1_10_1,0.7523646984444335,0.5564649085490023
BDT_VAR_MLG_B_1500_5_20_0.1_20_0.25,0.6846293286559397,0.5202468391863857
BDT_VAR_MLG_B_1500_5_20_0.1_20_0.5,0.6935458494509701,0.5452963685512318
BDT_VAR_MLG_B_1500_5_20_0.1_20_1,0.6928761751346736,0.5411948828733607
BDT_VAR_MLG_B_1500_6_20_0.01_1_0.25,0.7654486602145528,0.6140671378112406
BDT_VAR_MLG_B_1500_6_20_0.01_1_0.5,0.7692376867670581,0.6028447858915142
BDT_VAR_MLG_B_1500_6_20_0.01_1_1,0.7699280354226101,0.6012715154326568
BDT_VAR_MLG_B_1500_6_20_0.01_5_0.25,0.7153609860428566,0.5864353869271477
BDT_VAR_MLG_B_1500_6_20_0.01_5_0.5,0.7238283209950837,0.5802577049089034
BDT_VAR_MLG_B_1500_6_20_0.01_5_1,0.7269723790909748,0.5754912862122026
BDT_VAR_MLG_B_1500_6_20_0.01_10_0.25,0.6753281870465564,0.5795024350138447
BDT_VAR_MLG_B_1500_6_20_0.01_10_0.5,0.683273250240318,0.5792098129432758
BDT_VAR_MLG_B_1500_6_20_0.01_10_1,0.6849496789549363,0.5764406577499527
BDT_VAR_MLG_B_1500_6_20_0.01_20_0.25,0.6315099433630844,0.5872093971006378
BDT_VAR_MLG_B_1500_6_20_0.01_20_0.5,0.6316531993797376,0.5896185912751931
BDT_VAR_MLG_B_1500_6_20_0.01_20_1,0.630514203275044,0.593264745867535
BDT_VAR_MLG_B_1500_6_20_0.05_1_0.25,0.8249229221795104,0.582966237045865
BDT_VAR_MLG_B_1500_6_20_0.05_1_0.5,0.8269709631926251,0.5787612395240667
BDT_VAR_MLG_B_1500_6_20_0.05_1_1,0.8274718745349686,0.5943796235756079
BDT_VAR_MLG_B_1500_6_20_0.05_5_0.25,0.7663050211175062,0.5594855330534326
BDT_VAR_MLG_B_1500_6_20_0.05_5_0.5,0.7708050745589181,0.569104114625551
BDT_VAR_MLG_B_1500_6_20_0.05_5_1,0.7705236749958625,0.5688263866133974
BDT_VAR_MLG_B_1500_6_20_0.05_10_0.25,0.7282741090040474,0.5462092067594582
BDT_VAR_MLG_B_1500_6_20_0.05_10_0.5,0.735702930178904,0.5516330730153909
BDT_VAR_MLG_B_1500_6_20_0.05_10_1,0.7360347761513052,0.5521520420219106
BDT_VAR_MLG_B_1500_6_20_0.05_20_0.25,0.6679971192107902,0.5355988823833541
BDT_VAR_MLG_B_1500_6_20_0.05_20_0.5,0.6773039152860502,0.5452564011260786
BDT_VAR_MLG_B_1500_6_20_0.05_20_1,0.6753115730423442,0.5453992440080173
BDT_VAR_MLG_B_1500_6_20_0.1_1_0.25,0.8539216109757704,0.5827161887358359
BDT_VAR_MLG_B_1500_6_20_0.1_1_0.5,0.8590839203077945,0.585643318510098
BDT_VAR_MLG_B_1500_6_20_0.1_1_1,0.8616915639804437,0.591668353312019
BDT_VAR_MLG_B_1500_6_20_0.1_5_0.25,0.7827529963616123,0.5457406157534188
BDT_VAR_MLG_B_1500_6_20_0.1_5_0.5,0.7874872650922076,0.5681400429408375
BDT_VAR_MLG_B_1500_6_20_0.1_5_1,0.7881732680097835,0.5582608229952952
BDT_VAR_MLG_B_1500_6_20_0.1_10_0.25,0.7451963171149909,0.534035404773054
BDT_VAR_MLG_B_1500_6_20_0.1_10_0.5,0.7514069836850255,0.5528338291092536
BDT_VAR_MLG_B_1500_6_20_0.1_10_1,0.7516498863247216,0.5600050511242132
BDT_VAR_MLG_B_1500_6_20_0.1_20_0.25,0.6846293286559397,0.5202468391863857
BDT_VAR_MLG_B_1500_6_20_0.1_20_0.5,0.6935458494509701,0.5452963685512318
BDT_VAR_MLG_B_1500_6_20_0.1_20_1,0.6928761751346736,0.5411948828733607
BDT_VAR_MLG_B_2000_3_20_0.01_1_0.25,0.7201766616427296,0.61959715119663
BDT_VAR_MLG_B_2000_3_20_0.01_1_0.5,0.7222242747501123,0.6160975986512421
BDT_VAR_MLG_B_2000_3_20_0.01_1_1,0.721090539376638,0.6151416599459398
BDT_VAR_MLG_B_2000_3_20_0.01_5_0.25,0.6948644695096697,0.5845166389185951
BDT_VAR_MLG_B_2000_3_20_0.01_5_0.5,0.699129953363248,0.5753690288816731
BDT_VAR_MLG_B_2000_3_20_0.01_5_1,0.7004963942481043,0.5803580811531369
BDT_VAR_MLG_B_2000_3_20_0.01_10_0.25,0.6788620899375594,0.5707078840881502
BDT_VAR_MLG_B_2000_3_20_0.01_10_0.5,0.6849080717721029,0.5725821538910149
BDT_VAR_MLG_B_2000_3_20_0.01_10_1,0.6846969234025824,0.5685986176741772
BDT_VAR_MLG_B_2000_3_20_0.01_20_0.25,0.6376073563207063,0.5796204358639645
BDT_VAR_MLG_B_2000_3_20_0.01_20_0.5,0.6391005387908292,0.5815076564271481
BDT_VAR_MLG_B_2000_3_20_0.01_20_1,0.6391214688956319,0.5836132235065424
BDT_VAR_MLG_B_2000_3_20_0.05_1_0.25,0.7665974707334917,0.5904880365434761
BDT_VAR_MLG_B_2000_3_20_0.05_1_0.5,0.7692167088636117,0.6101386765651037
BDT_VAR_MLG_B_2000_3_20_0.05_1_1,0.7681545035077656,0.5896237097287477
BDT_VAR_MLG_B_2000_3_20_0.05_5_0.25,0.74701260699457,0.5660696103600358
BDT_VAR_MLG_B_2000_3_20_0.05_5_0.5,0.7511907353369914,0.5619847551501433
BDT_VAR_MLG_B_2000_3_20_0.05_5_1,0.7507102261185631,0.559038351722743
BDT_VAR_MLG_B_2000_3_20_0.05_10_0.25,0.7305597345107773,0.5521210726986259
BDT_VAR_MLG_B_2000_3_20_0.05_10_0.5,0.7339794876692173,0.5463328587107743
BDT_VAR_MLG_B_2000_3_20_0.05_10_1,0.7348104291466108,0.5498432372143178
BDT_VAR_MLG_B_2000_3_20_0.05_20_0.25,0.6777615225231997,0.5413148217428827
BDT_VAR_MLG_B_2000_3_20_0.05_20_0.5,0.6852035870422728,0.5456262534160841
BDT_VAR_MLG_B_2000_3_20_0.05_20_1,0.6838899837077068,0.5411901254177575
BDT_VAR_MLG_B_2000_3_20_0.1_1_0.25,0.7816187501908386,0.5992486477364087
BDT_VAR_MLG_B_2000_3_20_0.1_1_0.5,0.7849154683774251,0.5740869608982673
BDT_VAR_MLG_B_2000_3_20_0.1_1_1,0.7854430900843229,0.592026034493374
BDT_VAR_MLG_B_2000_3_20_0.1_5_0.25,0.7626885687113095,0.5578108601247234
BDT_VAR_MLG_B_2000_3_20_0.1_5_0.5,0.7650089872180319,0.5601320882021348
BDT_VAR_MLG_B_2000_3_20_0.1_5_1,0.7661885725139386,0.5546111412102709
BDT_VAR_MLG_B_2000_3_20_0.1_10_0.25,0.7450169737303086,0.5496553698610113
BDT_VAR_MLG_B_2000_3_20_0.1_10_0.5,0.749409307361895,0.5422885533125893
BDT_VAR_MLG_B_2000_3_20_0.1_10_1,0.7488332171485726,0.5628358712942932
BDT_VAR_MLG_B_2000_3_20_0.1_20_0.25,0.6952409001770641,0.5247051383353277
BDT_VAR_MLG_B_2000_3_20_0.1_20_0.5,0.7017364944894484,0.5490405065904627
BDT_VAR_MLG_B_2000_3_20_0.1_20_1,0.7008221734471574,0.5381696119706436
BDT_VAR_MLG_B_2000_4_20_0.01_1_0.25,0.7465588878099706,0.6063948332031238
BDT_VAR_MLG_B_2000_4_20_0.01_1_0.5,0.7483432733726568,0.6090167298835483
BDT_VAR_MLG_B_2000_4_20_0.01_1_1,0.7490430334587355,0.6049919428598555
BDT_VAR_MLG_B_2000_4_20_0.01_5_0.25,0.7147540002680663,0.5827305251838651
BDT_VAR_MLG_B_2000_4_20_0.01_5_0.5,0.7201999328638297,0.5711112966637538
BDT_VAR_MLG_B_2000_4_20_0.01_5_1,0.7220274944132722,0.5730235506122973
BDT_VAR_MLG_B_2000_4_20_0.01_10_0.25,0.6857184654382005,0.5741058229732902
BDT_VAR_MLG_B_2000_4_20_0.01_10_0.5,0.6922107584193518,0.5712784115595388
BDT_VAR_MLG_B_2000_4_20_0.01_10_1,0.6936696952839404,0.5670203544374973
BDT_VAR_MLG_B_2000_4_20_0.01_20_0.25,0.6376073563207063,0.5796204358639645
BDT_VAR_MLG_B_2000_4_20_0.01_20_0.5,0.6391005387908292,0.5815076564271481
BDT_VAR_MLG_B_2000_4_20_0.01_20_1,0.6391214688956319,0.5836132235065424
BDT_VAR_MLG_B_2000_4_20_0.05_1_0.25,0.7932750500457666,0.5988369942224389
BDT_VAR_MLG_B_2000_4_20_0.05_1_0.5,0.794860623527399,0.5795137320011542
BDT_VAR_MLG_B_2000_4_20_0.05_1_1,0.794828665847307,0.594810436915674
BDT_VAR_MLG_B_2000_4_20_0.05_5_0.25,0.7629881061372098,0.5531774175411284
BDT_VAR_MLG_B_2000_4_20_0.05_5_0.5,0.7656986803304486,0.5668305920457906
BDT_VAR_MLG_B_2000_4_20_0.05_5_1,0.7658273294308271,0.5552760114929461
BDT_VAR_MLG_B_2000_4_20_0.05_10_0.25,0.7374495124360009,0.5536057382553453
BDT_VAR_MLG_B_2000_4_20_0.05_10_0.5,0.7414956320014863,0.5490750598119076
BDT_VAR_MLG_B_2000_4_20_0.05_10_1,0.7423371229431884,0.5514349496472707
BDT_VAR_MLG_B_2000_4_20_0.05_20_0.25,0.6777615225231997,0.5413148217428827
BDT_VAR_MLG_B_2000_4_20_0.05_20_0.5,0.6852035870422728,0.5456262534160841
BDT_VAR_MLG_B_2000_4_20_0.05_20_1,0.6838899837077068,0.5411901254177575
BDT_VAR_MLG_B_2000_4_20_0.1_1_0.25,0.8138822079771029,0.5723776636518015
BDT_VAR_MLG_B_2000_4_20_0.1_1_0.5,0.8156672877527313,0.5686549597741459
BDT_VAR_MLG_B_2000_4_20_0.1_1_1,0.8192564455006583,0.5877869047383482
BDT_VAR_MLG_B_2000_4_20_0.1_5_0.25,0.7794430672357853,0.561917940451572
BDT_VAR_MLG_B_2000_4_20_0.1_5_0.5,0.781996061988135,0.5752898541777884
BDT_VAR_MLG_B_2000_4_20_0.1_5_1,0.782065961472903,0.5523096057952525
BDT_VAR_MLG_B_2000_4_20_0.1_10_0.25,0.7525662984418732,0.5321899614932039
BDT_VAR_MLG_B_2000_4_20_0.1_10_0.5,0.7563692333508423,0.5560941354084025
BDT_VAR_MLG_B_2000_4_20_0.1_10_1,0.7572665930322215,0.5635563383376992
BDT_VAR_MLG_B_2000_4_20_0.1_20_0.25,0.6952409001770641,0.5247051383353277
BDT_VAR_MLG_B_2000_4_20_0.1_20_0.5,0.7017364944894484,0.5490405065904627
BDT_VAR_MLG_B_2000_4_20_0.1_20_1,0.7008221734471574,0.5381696119706436
BDT_VAR_MLG_B_2000_5_20_0.01_1_0.25,0.7634661451866727,0.6066467673708247
BDT_VAR_MLG_B_2000_5_20_0.01_1_0.5,0.7657892805029963,0.6013737331157218
BDT_VAR_MLG_B_2000_5_20_0.01_1_1,0.7661240990431843,0.596813642563787
BDT_VAR_MLG_B_2000_5_20_0.01_5_0.25,0.7242071857926354,0.5812141492440102
BDT_VAR_MLG_B_2000_5_20_0.01_5_0.5,0.7296580804881677,0.5745706054304891
BDT_VAR_MLG_B_2000_5_20_0.01_5_1,0.7324374268778104,0.5708716537754762
BDT_VAR_MLG_B_2000_5_20_0.01_10_0.25,0.6866251794264602,0.574442600553001
BDT_VAR_MLG_B_2000_5_20_0.01_10_0.5,0.693822704590713,0.5737131369565392
BDT_VAR_MLG_B_2000_5_20_0.01_10_1,0.6956500730757453,0.5678838309211984
BDT_VAR_MLG_B_2000_5_20_0.01_20_0.25,0.6376073563207063,0.5796204358639645
BDT_VAR_MLG_B_2000_5_20_0.01_20_0.5,0.6391005387908292,0.5815076564271481
BDT_VAR_MLG_B_2000_5_20_0.01_20_1,0.6391214688956319,0.5836132235065424
BDT_VAR_MLG_B_2000_5_20_0.05_1_0.25,0.8179738790657747,0.5708072052842998
BDT_VAR_MLG_B_2000_5_20_0.05_1_0.5,0.8183363711200775,0.5904232254381203
BDT_VAR_MLG_B_2000_5_20_0.05_1_1,0.8203619247321506,0.59250064971226
BDT_VAR_MLG_B_2000_5_20_0.05_5_0.25,0.7726215831892269,0.5529835964737148
BDT_VAR_MLG_B_2000_5_20_0.05_5_0.5,0.7743892447587626,0.5674986484474582
BDT_VAR_MLG_B_2000_5_20_0.05_5_1,0.7739129567323871,0.5655232333411838
BDT_VAR_MLG_B_2000_5_20_0.05_10_0.25,0.7376651618384077,0.5492742546937525
BDT_VAR_MLG_B_2000_5_20_0.05_10_0.5,0.7433289374020869,0.5558842766418798
BDT_VAR_MLG_B_2000_5_20_0.05_10_1,0.7434230655138332,0.5534057021108983
BDT_VAR_MLG_B_2000_5_20_0.05_20_0.25,0.6777615225231997,0.5413148217428827
BDT_VAR_MLG_B_2000_5_20_0.05_20_0.5,0.6852035870422728,0.5456262534160841
BDT_VAR_MLG_B_2000_5_20_0.05_20_1,0.6838899837077068,0.5411901254177575
BDT_VAR_MLG_B_2000_5_20_0.1_1_0.25,0.8442778424822192,0.5658379573553722
BDT_VAR_MLG_B_2000_5_20_0.1_1_0.5,0.8490245188908377,0.5839296657751517
BDT_VAR_MLG_B_2000_5_20_0.1_1_1,0.8509644054346948,0.5970503217670619
BDT_VAR_MLG_B_2000_5_20_0.1_5_0.25,0.7891031874243896,0.5738361023011276
BDT_VAR_MLG_B_2000_5_20_0.1_5_0.5,0.7913286350256723,0.5646139784946481
BDT_VAR_MLG_B_2000_5_20_0.1_5_1,0.7929579096084696,0.5591505529603837
BDT_VAR_MLG_B_2000_5_20_0.1_10_0.25,0.7540246586494136,0.5460580490645295
BDT_VAR_MLG_B_2000_5_20_0.1_10_0.5,0.7573124305687349,0.5512276651786404
BDT_VAR_MLG_B_2000_5_20_0.1_10_1,0.7586802819326688,0.5544560071209921
BDT_VAR_MLG_B_2000_5_20_0.1_20_0.25,0.6952409001770641,0.5247051383353277
BDT_VAR_MLG_B_2000_5_20_0.1_20_0.5,0.7017364944894484,0.5490405065904627
BDT_VAR_MLG_B_2000_5_20_0.1_20_1,0.7008221734471574,0.5381696119706436
BDT_VAR_MLG_B_2000_6_20_0.01_1_0.25,0.7760449870561952,0.6081036215223796
BDT_VAR_MLG_B_2000_6_20_0.01_1_0.5,0.7784068117645766,0.6038800523453396
BDT_VAR_MLG_B_2000_6_20_0.01_1_1,0.778639507398433,0.5953447037216066
BDT_VAR_MLG_B_2000_6_20_0.01_5_0.25,0.727781403559986,0.5814836957378446
BDT_VAR_MLG_B_2000_6_20_0.01_5_0.5,0.734045133513579,0.5761883956772256
BDT_VAR_MLG_B_2000_6_20_0.01_5_1,0.7371878548560531,0.5717211161663557
BDT_VAR_MLG_B_2000_6_20_0.01_10_0.25,0.6866497428917369,0.5754553159784034
BDT_VAR_MLG_B_2000_6_20_0.01_10_0.5,0.6939561831845263,0.5732407649513563
BDT_VAR_MLG_B_2000_6_20_0.01_10_1,0.695745045670834,0.567524141599398
BDT_VAR_MLG_B_2000_6_20_0.01_20_0.25,0.6376073563207063,0.5796204358639645
BDT_VAR_MLG_B_2000_6_20_0.01_20_0.5,0.6391005387908292,0.5815076564271481
BDT_VAR_MLG_B_2000_6_20_0.01_20_1,0.6391214688956319,0.5836132235065424
BDT_VAR_MLG_B_2000_6_20_0.05_1_0.25,0.8401678860263636,0.5831068411076009
BDT_VAR_MLG_B_2000_6_20_0.05_1_0.5,0.8410321124899827,0.5722382869290146
BDT_VAR_MLG_B_2000_6_20_0.05_1_1,0.8419913260000781,0.5925462966490302
BDT_VAR_MLG_B_2000_6_20_0.05_5_0.25,0.7752804940520667,0.5620697591680458
BDT_VAR_MLG_B_2000_6_20_0.05_5_0.5,0.778054213112378,0.566725891892306
BDT_VAR_MLG_B_2000_6_20_0.05_5_1,0.7784227584740879,0.5636538145578728
BDT_VAR_MLG_B_2000_6_20_0.05_10_0.25,0.738066266182713,0.5527128671843424
BDT_VAR_MLG_B_2000_6_20_0.05_10_0.5,0.7431144654361619,0.5554775823011964
BDT_VAR_MLG_B_2000_6_20_0.05_10_1,0.7438321102485909,0.5536757110649729
BDT_VAR_MLG_B_2000_6_20_0.05_20_0.25,0.6777615225231997,0.5413148217428827
BDT_VAR_MLG_B_2000_6_20_0.05_20_0.5,0.6852035870422728,0.5456262534160841
BDT_VAR_MLG_B_2000_6_20_0.05_20_1,0.6838899837077068,0.5411901254177575
BDT_VAR_MLG_B_2000_6_20_0.1_1_0.25,0.8713864773199492,0.5855803948609455
BDT_VAR_MLG_B_2000_6_20_0.1_1_0.5,0.8760292581789778,0.5756236555005869
BDT_VAR_MLG_B_2000_6_20_0.1_1_1,0.8788743659717584,0.5944985094705232
BDT_VAR_MLG_B_2000_6_20_0.1_5_0.25,0.7932296360344961,0.545476156003687
BDT_VAR_MLG_B_2000_6_20_0.1_5_0.5,0.7959741057276959,0.5671565853462827
BDT_VAR_MLG_B_2000_6_20_0.1_5_1,0.797907199711931,0.555982409647843
BDT_VAR_MLG_B_2000_6_20_0.1_10_0.25,0.754166925209389,0.5450665280946945
BDT_VAR_MLG_B_2000_6_20_0.1_10_0.5,0.7582322711272426,0.5533295745851512
BDT_VAR_MLG_B_2000_6_20_0.1_10_1,0.759081624979799,0.5628525716687159
BDT_VAR_MLG_B_2000_6_20_0.1_20_0.25,0.6952409001770641,0.5247051383353277
BDT_VAR_MLG_B_2000_6_20_0.1_20_0.5,0.7017364944894484,0.5490405065904627
BDT_VAR_MLG_B_2000_6_20_0.1_20_1,0.7008221734471574,0.5381696119706436
